,team,season,wt_rating,wt_rating_elo,sos,line,over_odds,under_odds,source,source_date,hold,over_probability,under_probability,line_adj
0,ARI,2003,-3.1503,1414.9924,0.1724,5.0,125,-155,not_tracked,2003-08-30T00:00:00.000000+00:00,0.0523,0.4224,0.5776,4.8497
1,ATL,2003,1.5,1547.8571,0.3581,9.5,-115,-115,not_tracked,2003-08-30T00:00:00.000000+00:00,0.0698,0.5,0.5,9.5
2,BAL,2003,-0.3333,1495.4781,0.3224,7.5,-160,130,not_tracked,2003-08-30T00:00:00.000000+00:00,0.0502,0.586,0.414,7.6667
3,BUF,2003,0.5588,1520.9669,0.3235,8.5,-130,100,not_tracked,2003-08-30T00:00:00.000000+00:00,0.0652,0.5306,0.4694,8.5588
4,CAR,2003,-0.5,1490.7143,0.3475,7.5,-115,-115,not_tracked,2003-08-30T00:00:00.000000+00:00,0.0698,0.5,0.5,7.5
5,CHI,2003,-0.6667,1485.9505,0.2344,7.5,130,-160,not_tracked,2003-08-30T00:00:00.000000+00:00,0.0502,0.414,0.586,7.3333
6,CIN,2003,-2.4412,1435.2526,0.3237,5.5,-130,100,not_tracked,2003-08-30T00:00:00.000000+00:00,0.0652,0.5306,0.4694,5.5588
7,CLE,2003,0.4412,1517.6045,0.1852,8.5,100,-130,not_tracked,2003-08-30T00:00:00.000000+00:00,0.0652,0.4694,0.5306,8.4412
8,DAL,2003,-0.6667,1485.9505,0.4124,7.5,130,-160,not_tracked,2003-08-30T00:00:00.000000+00:00,0.0502,0.414,0.586,7.3333
9,DEN,2003,1.5194,1548.4124,0.3769,9.5,-120,-110,not_tracked,2003-08-30T00:00:00.000000+00:00,0.0693,0.5101,0.4899,9.5194
10,DET,2003,-1.9026,1450.64,0.3352,6.0,-140,110,not_tracked,2003-08-30T00:00:00.000000+00:00,0.0595,0.5506,0.4494,6.0974
11,GB,2003,1.8333,1557.3791,0.3296,10.0,130,-160,not_tracked,2003-08-30T00:00:00.000000+00:00,0.0502,0.414,0.586,9.8333
12,HOU,2003,-2.9412,1420.9669,0.5036,5.0,-130,100,not_tracked,2003-08-30T00:00:00.000000+00:00,0.0652,0.5306,0.4694,5.0588
13,IND,2003,0.5,1519.2857,0.4086,8.5,-115,-115,not_tracked,2003-08-30T00:00:00.000000+00:00,0.0698,0.5,0.5,8.5
14,JAX,2003,-1.0588,1474.7474,0.3568,7.0,100,-130,not_tracked,2003-08-30T00:00:00.000000+00:00,0.0652,0.4694,0.5306,6.9412
15,KC,2003,1.0588,1535.2526,0.2223,9.0,-130,100,not_tracked,2003-08-30T00:00:00.000000+00:00,0.0652,0.5306,0.4694,9.0588
16,LAC,2003,0.3668,1515.4787,0.4752,8.5,120,-150,not_tracked,2003-08-30T00:00:00.000000+00:00,0.0545,0.431,0.569,8.3668
17,LAR,2003,1.5588,1549.5383,-0.2281,9.5,-130,100,not_tracked,2003-08-30T00:00:00.000000+00:00,0.0652,0.5306,0.4694,9.5588
18,MIA,2003,1.6156,1551.1611,0.2799,9.5,-145,115,not_tracked,2003-08-30T00:00:00.000000+00:00,0.057,0.5599,0.4401,9.6156
19,MIN,2003,0.0588,1506.6812,0.2952,8.0,-130,100,not_tracked,2003-08-30T00:00:00.000000+00:00,0.0652,0.5306,0.4694,8.0588
20,NE,2003,0.6667,1524.0495,0.5201,8.5,-160,130,not_tracked,2003-08-30T00:00:00.000000+00:00,0.0502,0.586,0.414,8.6667
21,NO,2003,0.0588,1506.6812,0.3772,8.0,-130,100,not_tracked,2003-08-30T00:00:00.000000+00:00,0.0652,0.5306,0.4694,8.0588
22,NYG,2003,0.6156,1522.5897,0.7261,8.5,-145,115,not_tracked,2003-08-30T00:00:00.000000+00:00,0.057,0.5599,0.4401,8.6156
23,NYJ,2003,1.0,1533.5714,0.5589,9.0,-115,-115,not_tracked,2003-08-30T00:00:00.000000+00:00,0.0698,0.5,0.5,9.0
24,OAK,2003,1.6332,1551.6642,0.4432,9.5,-150,120,not_tracked,2003-08-30T00:00:00.000000+00:00,0.0545,0.569,0.431,9.6332
25,PHI,2003,2.3333,1571.6648,0.6175,10.5,130,-160,not_tracked,2003-08-30T00:00:00.000000+00:00,0.0502,0.414,0.586,10.3333
26,PIT,2003,1.6332,1551.6642,0.1245,9.5,-150,120,not_tracked,2003-08-30T00:00:00.000000+00:00,0.0545,0.569,0.431,9.6332
27,SEA,2003,-0.2919,1496.6606,-0.0156,7.5,-180,140,not_tracked,2003-08-30T00:00:00.000000+00:00,0.0595,0.6067,0.3933,7.7081
28,SF,2003,1.3844,1544.5532,-0.0194,9.5,115,-145,not_tracked,2003-08-30T00:00:00.000000+00:00,0.057,0.4401,0.5599,9.3844
29,TB,2003,2.5,1576.4286,0.3331,10.5,-115,-115,not_tracked,2003-08-30T00:00:00.000000+00:00,0.0698,0.5,0.5,10.5
30,TEN,2003,1.5785,1550.0996,0.2222,9.5,-135,105,not_tracked,2003-08-30T00:00:00.000000+00:00,0.0623,0.5408,0.4592,9.5785
31,WAS,2003,-0.3668,1494.5213,0.6879,7.5,-150,120,not_tracked,2003-08-30T00:00:00.000000+00:00,0.0545,0.569,0.431,7.6332
32,ARI,2004,-2.4412,1435.2526,0.1021,5.5,-130,100,not_tracked,2004-08-30T00:00:00.000000+00:00,0.0652,0.5306,0.4694,5.5588
33,ATL,2004,0.9806,1533.0162,-0.0919,9.0,-110,-120,not_tracked,2004-08-30T00:00:00.000000+00:00,0.0693,0.4899,0.5101,8.9806
34,BAL,2004,0.9412,1531.8902,0.4747,9.0,100,-130,not_tracked,2004-08-30T00:00:00.000000+00:00,0.0652,0.4694,0.5306,8.9412
35,BUF,2004,-0.5,1490.7143,0.2992,7.5,-115,-115,not_tracked,2004-08-30T00:00:00.000000+00:00,0.0698,0.5,0.5,7.5
36,CAR,2004,0.4412,1517.6045,0.173,8.5,100,-130,not_tracked,2004-08-30T00:00:00.000000+00:00,0.0652,0.4694,0.5306,8.4412
37,CHI,2004,-1.4412,1463.8241,0.2265,6.5,-130,100,not_tracked,2004-08-30T00:00:00.000000+00:00,0.0652,0.5306,0.4694,6.5588
38,CIN,2004,-0.5,1490.7143,0.5455,7.5,-115,-115,not_tracked,2004-08-30T00:00:00.000000+00:00,0.0698,0.5,0.5,7.5
39,CLE,2004,-0.6332,1486.9072,0.08,7.5,120,-150,not_tracked,2004-08-30T00:00:00.000000+00:00,0.0545,0.431,0.569,7.3668
40,DAL,2004,1.0,1533.5714,0.107,9.0,-115,-115,not_tracked,2004-08-30T00:00:00.000000+00:00,0.0698,0.5,0.5,9.0
41,DEN,2004,1.0,1533.5714,0.1776,9.0,-115,-115,not_tracked,2004-08-30T00:00:00.000000+00:00,0.0698,0.5,0.5,9.0
42,DET,2004,-1.4412,1463.8241,0.2528,6.5,-130,100,not_tracked,2004-08-30T00:00:00.000000+00:00,0.0652,0.5306,0.4694,6.5588
43,GB,2004,1.3844,1544.5532,0.1351,9.5,115,-145,not_tracked,2004-08-30T00:00:00.000000+00:00,0.057,0.4401,0.5599,9.3844
44,HOU,2004,-1.5588,1460.4617,0.3301,6.5,100,-130,not_tracked,2004-08-30T00:00:00.000000+00:00,0.0652,0.4694,0.5306,6.4412
45,IND,2004,2.3668,1572.6215,0.2234,10.5,120,-150,not_tracked,2004-08-30T00:00:00.000000+00:00,0.0545,0.431,0.569,10.3668
46,JAX,2004,-0.4026,1493.4971,0.1048,7.5,-140,110,not_tracked,2004-08-30T00:00:00.000000+00:00,0.0595,0.5506,0.4494,7.5974
47,KC,2004,1.9412,1560.4617,0.0781,10.0,100,-130,not_tracked,2004-08-30T00:00:00.000000+00:00,0.0652,0.4694,0.5306,9.9412
48,LAC,2004,-3.5974,1402.2171,0.5909,4.5,110,-140,not_tracked,2004-08-30T00:00:00.000000+00:00,0.0595,0.4494,0.5506,4.4026
49,LAR,2004,1.4026,1545.0743,0.1698,9.5,110,-140,not_tracked,2004-08-30T00:00:00.000000+00:00,0.0595,0.4494,0.5506,9.4026
50,MIA,2004,1.4026,1545.0743,0.2741,9.5,110,-140,not_tracked,2004-08-30T00:00:00.000000+00:00,0.0595,0.4494,0.5506,9.4026
51,MIN,2004,0.5974,1522.0686,0.3164,8.5,-140,110,not_tracked,2004-08-30T00:00:00.000000+00:00,0.0595,0.5506,0.4494,8.5974
52,NE,2004,2.4412,1574.7474,0.4372,10.5,100,-130,not_tracked,2004-08-30T00:00:00.000000+00:00,0.0652,0.4694,0.5306,10.4412
53,NO,2004,-0.5,1490.7143,0.1514,7.5,-115,-115,not_tracked,2004-08-30T00:00:00.000000+00:00,0.0698,0.5,0.5,7.5
54,NYG,2004,-1.9215,1450.0996,0.3533,6.0,-135,105,not_tracked,2004-08-30T00:00:00.000000+00:00,0.0623,0.5408,0.4592,6.0785
55,NYJ,2004,0.8668,1529.7644,-0.3564,9.0,120,-150,not_tracked,2004-08-30T00:00:00.000000+00:00,0.0545,0.431,0.569,8.8668
56,OAK,2004,-0.4412,1492.3955,0.0983,7.5,-130,100,not_tracked,2004-08-30T00:00:00.000000+00:00,0.0652,0.5306,0.4694,7.5588
57,PHI,2004,2.4412,1574.7474,0.2237,10.5,100,-130,not_tracked,2004-08-30T00:00:00.000000+00:00,0.0652,0.4694,0.5306,10.4412
58,PIT,2004,-0.5588,1489.0331,0.4862,7.5,100,-130,not_tracked,2004-08-30T00:00:00.000000+00:00,0.0652,0.4694,0.5306,7.4412
59,SEA,2004,0.9412,1531.8902,0.0724,9.0,100,-130,not_tracked,2004-08-30T00:00:00.000000+00:00,0.0652,0.4694,0.5306,8.9412
60,SF,2004,-2.9412,1420.9669,0.3435,5.0,-130,100,not_tracked,2004-08-30T00:00:00.000000+00:00,0.0652,0.5306,0.4694,5.0588
61,TB,2004,1.0588,1535.2526,-0.1745,9.0,-130,100,not_tracked,2004-08-30T00:00:00.000000+00:00,0.0652,0.5306,0.4694,9.0588
62,TEN,2004,1.5588,1549.5383,-0.0178,9.5,-130,100,not_tracked,2004-08-30T00:00:00.000000+00:00,0.0652,0.5306,0.4694,9.5588
63,WAS,2004,0.9412,1531.8902,-0.0309,9.0,100,-130,not_tracked,2004-08-30T00:00:00.000000+00:00,0.0652,0.4694,0.5306,8.9412
64,ARI,2005,-0.8668,1480.2356,-0.0208,7.0,-150,120,not_tracked,2005-08-30T00:00:00.000000+00:00,0.0545,0.569,0.431,7.1332
65,ATL,2005,1.4026,1545.0743,0.3313,9.5,110,-140,not_tracked,2005-08-30T00:00:00.000000+00:00,0.0595,0.4494,0.5506,9.4026
66,BAL,2005,1.9215,1559.9004,0.0359,10.0,105,-135,not_tracked,2005-08-30T00:00:00.000000+00:00,0.0623,0.4592,0.5408,9.9215
67,BUF,2005,0.0785,1507.2424,0.3101,8.0,-135,105,not_tracked,2005-08-30T00:00:00.000000+00:00,0.0623,0.5408,0.4592,8.0785
68,CAR,2005,1.0588,1535.2526,-0.0421,9.0,-130,100,not_tracked,2005-08-30T00:00:00.000000+00:00,0.0652,0.5306,0.4694,9.0588
69,CHI,2005,-1.0588,1474.7474,0.0306,7.0,100,-130,not_tracked,2005-08-30T00:00:00.000000+00:00,0.0652,0.4694,0.5306,6.9412
70,CIN,2005,0.0,1505.0,0.3231,8.0,-115,-115,not_tracked,2005-08-30T00:00:00.000000+00:00,0.0698,0.5,0.5,8.0
71,CLE,2005,-3.1156,1415.9817,0.3944,5.0,115,-145,not_tracked,2005-08-30T00:00:00.000000+00:00,0.057,0.4401,0.5599,4.8844
72,DAL,2005,0.0974,1507.7829,0.1274,8.0,-140,110,not_tracked,2005-08-30T00:00:00.000000+00:00,0.0595,0.5506,0.4494,8.0974
73,DEN,2005,0.5974,1522.0686,0.6448,8.5,-140,110,not_tracked,2005-08-30T00:00:00.000000+00:00,0.0595,0.5506,0.4494,8.5974
74,DET,2005,0.0588,1506.6812,0.0322,8.0,-130,100,not_tracked,2005-08-30T00:00:00.000000+00:00,0.0652,0.5306,0.4694,8.0588
75,GB,2005,-0.0974,1502.2171,0.3761,8.0,110,-140,not_tracked,2005-08-30T00:00:00.000000+00:00,0.0595,0.4494,0.5506,7.9026
76,HOU,2005,-0.5588,1489.0331,0.1955,7.5,100,-130,not_tracked,2005-08-30T00:00:00.000000+00:00,0.0652,0.4694,0.5306,7.4412
77,IND,2005,3.4806,1604.4448,-0.0844,11.5,-110,-120,not_tracked,2005-08-30T00:00:00.000000+00:00,0.0693,0.4899,0.5101,11.4806
78,JAX,2005,0.5,1519.2857,0.263,8.5,-115,-115,not_tracked,2005-08-30T00:00:00.000000+00:00,0.0698,0.5,0.5,8.5
79,KC,2005,1.0,1533.5714,0.2053,9.0,-115,-115,not_tracked,2005-08-30T00:00:00.000000+00:00,0.0698,0.5,0.5,9.0
80,LAC,2005,0.0588,1506.6812,0.6775,8.0,-130,100,not_tracked,2005-08-30T00:00:00.000000+00:00,0.0652,0.5306,0.4694,8.0588
81,LAR,2005,0.1332,1508.8071,-0.177,8.0,-150,120,not_tracked,2005-08-30T00:00:00.000000+00:00,0.0545,0.569,0.431,8.1332
82,MIA,2005,-2.3173,1438.7909,0.3561,5.5,-165,135,not_tracked,2005-08-30T00:00:00.000000+00:00,0.0482,0.594,0.406,5.6827
83,MIN,2005,1.0785,1535.8138,-0.1314,9.0,-135,105,not_tracked,2005-08-30T00:00:00.000000+00:00,0.0623,0.5408,0.4592,9.0785
84,NE,2005,2.9026,1587.9314,0.338,11.0,110,-140,not_tracked,2005-08-30T00:00:00.000000+00:00,0.0595,0.4494,0.5506,10.9026
85,NO,2005,-0.461,1491.8286,0.2037,7.5,-125,-105,not_tracked,2005-08-30T00:00:00.000000+00:00,0.0678,0.5203,0.4797,7.539
86,NYG,2005,-1.4806,1462.6981,0.3384,6.5,-120,-110,not_tracked,2005-08-30T00:00:00.000000+00:00,0.0693,0.5101,0.4899,6.5194
87,NYJ,2005,1.039,1534.6858,0.3763,9.0,-125,-105,not_tracked,2005-08-30T00:00:00.000000+00:00,0.0678,0.5203,0.4797,9.039
88,OAK,2005,-0.3844,1494.0183,0.1248,7.5,-145,115,not_tracked,2005-08-30T00:00:00.000000+00:00,0.057,0.5599,0.4401,7.6156
89,PHI,2005,3.4806,1604.4448,-0.2838,11.5,-110,-120,not_tracked,2005-08-30T00:00:00.000000+00:00,0.0693,0.4899,0.5101,11.4806
90,PIT,2005,1.6332,1551.6642,0.3748,9.5,-150,120,not_tracked,2005-08-30T00:00:00.000000+00:00,0.0545,0.569,0.431,9.6332
91,SEA,2005,0.9412,1531.8902,-0.0825,9.0,100,-130,not_tracked,2005-08-30T00:00:00.000000+00:00,0.0652,0.4694,0.5306,8.9412
92,SF,2005,-3.5588,1403.3188,0.1172,4.5,100,-130,not_tracked,2005-08-30T00:00:00.000000+00:00,0.0652,0.4694,0.5306,4.4412
93,TB,2005,-1.0,1476.4286,0.0662,7.0,-115,-115,not_tracked,2005-08-30T00:00:00.000000+00:00,0.0698,0.5,0.5,7.0
94,TEN,2005,-1.5,1462.1429,0.0769,6.5,-115,-115,not_tracked,2005-08-30T00:00:00.000000+00:00,0.0698,0.5,0.5,6.5
95,WAS,2005,-0.5,1490.7143,-0.0001,7.5,-115,-115,not_tracked,2005-08-30T00:00:00.000000+00:00,0.0698,0.5,0.5,7.5
96,ARI,2006,-0.0823,1502.6498,-0.0509,8.0,110,-130,not_tracked,2006-08-30T00:00:00.000000+00:00,0.0414,0.4573,0.5427,7.9177
97,ATL,2006,0.1013,1507.8955,0.4229,8.0,-135,115,not_tracked,2006-08-30T00:00:00.000000+00:00,0.0396,0.5526,0.4474,8.1013
98,BAL,2006,0.0823,1507.3502,0.4418,8.0,-130,110,not_tracked,2006-08-30T00:00:00.000000+00:00,0.0414,0.5427,0.4573,8.0823
99,BUF,2006,-1.2603,1468.9905,0.1338,7.0,165,-185,not_tracked,2006-08-30T00:00:00.000000+00:00,0.0265,0.3676,0.6324,6.7397
100,CAR,2006,2.0,1562.1429,0.1957,10.0,-110,-110,not_tracked,2006-08-30T00:00:00.000000+00:00,0.0476,0.5,0.5,10.0
101,CHI,2006,1.1872,1538.9188,-0.0789,9.0,-160,140,not_tracked,2006-08-30T00:00:00.000000+00:00,0.0321,0.5963,0.4037,9.1872
102,CIN,2006,0.9792,1532.9771,0.7475,9.0,-105,-115,not_tracked,2006-08-30T00:00:00.000000+00:00,0.0471,0.4892,0.5108,8.9792
103,CLE,2006,-1.2677,1468.7813,0.4126,6.5,-175,155,not_tracked,2006-08-30T00:00:00.000000+00:00,0.0285,0.6187,0.3813,6.7323
104,DAL,2006,1.5,1547.8571,0.3907,9.5,-110,-110,not_tracked,2006-08-30T00:00:00.000000+00:00,0.0476,0.5,0.5,9.5
105,DEN,2006,2.0,1562.1429,0.4792,10.0,-110,-110,not_tracked,2006-08-30T00:00:00.000000+00:00,0.0476,0.5,0.5,10.0
106,DET,2006,-1.1197,1473.0078,-0.0504,7.0,120,-140,not_tracked,2006-08-30T00:00:00.000000+00:00,0.0379,0.438,0.562,6.8803
107,GB,2006,-1.8128,1453.2045,-0.0994,6.0,-160,140,not_tracked,2006-08-30T00:00:00.000000+00:00,0.0321,0.5963,0.4037,6.1872
108,HOU,2006,-2.4177,1435.9217,0.3294,5.5,-130,110,not_tracked,2006-08-30T00:00:00.000000+00:00,0.0414,0.5427,0.4573,5.5823
109,IND,2006,3.4177,1602.6498,0.2229,11.5,110,-130,not_tracked,2006-08-30T00:00:00.000000+00:00,0.0414,0.4573,0.5427,11.4177
110,JAX,2006,0.9177,1531.2212,0.333,9.0,110,-130,not_tracked,2006-08-30T00:00:00.000000+00:00,0.0414,0.4573,0.5427,8.9177
111,KC,2006,1.4177,1545.5069,0.4993,9.5,110,-130,not_tracked,2006-08-30T00:00:00.000000+00:00,0.0414,0.4573,0.5427,9.4177
112,LAC,2006,0.8454,1529.1548,0.1576,9.0,130,-150,not_tracked,2006-08-30T00:00:00.000000+00:00,0.0348,0.4202,0.5798,8.8454
113,LAR,2006,-1.0823,1474.0783,0.169,7.0,110,-130,not_tracked,2006-08-30T00:00:00.000000+00:00,0.0414,0.4573,0.5427,6.9177
114,MIA,2006,1.1013,1536.4669,0.0242,9.0,-135,115,not_tracked,2006-08-30T00:00:00.000000+00:00,0.0396,0.5526,0.4474,9.1013
115,MIN,2006,0.0418,1506.1932,-0.1007,8.0,-120,100,not_tracked,2006-08-30T00:00:00.000000+00:00,0.0455,0.5217,0.4783,8.0418
116,NE,2006,2.3625,1572.5012,-0.0234,10.5,125,-145,not_tracked,2006-08-30T00:00:00.000000+00:00,0.0363,0.4289,0.5711,10.3625
117,NO,2006,-1.1711,1471.539,0.4137,7.0,135,-155,not_tracked,2006-08-30T00:00:00.000000+00:00,0.0334,0.4118,0.5882,6.8289
118,NYG,2006,0.8987,1530.6759,0.6373,9.0,115,-135,not_tracked,2006-08-30T00:00:00.000000+00:00,0.0396,0.4474,0.5526,8.8987
119,NYJ,2006,-1.6546,1457.7262,0.0902,6.5,130,-150,not_tracked,2006-08-30T00:00:00.000000+00:00,0.0348,0.4202,0.5798,6.3454
120,OAK,2006,-1.5624,1460.3595,0.3087,6.5,105,-125,not_tracked,2006-08-30T00:00:00.000000+00:00,0.0434,0.4675,0.5325,6.4376
121,PHI,2006,0.6013,1522.1812,0.1165,8.5,-135,115,not_tracked,2006-08-30T00:00:00.000000+00:00,0.0396,0.5526,0.4474,8.6013
122,PIT,2006,2.4806,1575.8733,0.3247,10.5,-110,-120,not_tracked,2006-08-30T00:00:00.000000+00:00,0.0693,0.4899,0.5101,10.4806
123,SEA,2006,2.4177,1574.0783,-0.2151,10.5,110,-130,not_tracked,2006-08-30T00:00:00.000000+00:00,0.0414,0.4573,0.5427,10.4177
124,SF,2006,-3.0418,1418.0926,0.1834,5.0,100,-120,not_tracked,2006-08-30T00:00:00.000000+00:00,0.0455,0.4783,0.5217,4.9582
125,TB,2006,-0.0418,1503.8068,0.7412,8.0,100,-120,not_tracked,2006-08-30T00:00:00.000000+00:00,0.0455,0.4783,0.5217,7.9582
126,TEN,2006,-2.6197,1430.1507,0.5895,5.5,120,-140,not_tracked,2006-08-30T00:00:00.000000+00:00,0.0379,0.438,0.562,5.3803
127,WAS,2006,1.1197,1536.9922,0.3216,9.0,-140,120,not_tracked,2006-08-30T00:00:00.000000+00:00,0.0379,0.562,0.438,9.1197
128,ARI,2007,-0.8987,1479.3241,-0.1006,7.0,-135,115,not_tracked,2007-08-30T00:00:00.000000+00:00,0.0396,0.5526,0.4474,7.1013
129,ATL,2007,-0.5418,1489.5211,0.0221,7.5,100,-120,not_tracked,2007-08-30T00:00:00.000000+00:00,0.0455,0.4783,0.5217,7.4582
130,BAL,2007,1.1197,1536.9922,0.2437,9.0,-140,120,not_tracked,2007-08-30T00:00:00.000000+00:00,0.0379,0.562,0.438,9.1197
131,BUF,2007,-2.0,1447.8571,0.5855,6.0,-110,-110,not_tracked,2007-08-30T00:00:00.000000+00:00,0.0476,0.5,0.5,6.0
132,CAR,2007,0.8803,1530.1507,-0.0439,9.0,120,-140,not_tracked,2007-08-30T00:00:00.000000+00:00,0.0379,0.438,0.562,8.8803
133,CHI,2007,1.8987,1559.2473,-0.255,10.0,115,-135,not_tracked,2007-08-30T00:00:00.000000+00:00,0.0396,0.4474,0.5526,9.8987
134,CIN,2007,1.0823,1535.9217,-0.1735,9.0,-130,110,not_tracked,2007-08-30T00:00:00.000000+00:00,0.0414,0.5427,0.4573,9.0823
135,CLE,2007,-2.3128,1438.9188,0.0689,5.5,-160,140,not_tracked,2007-08-30T00:00:00.000000+00:00,0.0321,0.5963,0.4037,5.6872
136,DAL,2007,1.0624,1535.3548,-0.0358,9.0,-125,105,not_tracked,2007-08-30T00:00:00.000000+00:00,0.0434,0.5325,0.4675,9.0624
137,DEN,2007,1.4792,1547.2628,-0.2545,9.5,-105,-115,not_tracked,2007-08-30T00:00:00.000000+00:00,0.0471,0.4892,0.5108,9.4792
138,DET,2007,-2.0,1447.8571,-0.0039,6.0,-110,-110,not_tracked,2007-08-30T00:00:00.000000+00:00,0.0476,0.5,0.5,6.0
139,GB,2007,-0.6546,1486.2977,0.0203,7.5,130,-150,not_tracked,2007-08-30T00:00:00.000000+00:00,0.0348,0.4202,0.5798,7.3454
140,HOU,2007,-1.5418,1460.9497,0.1598,6.5,100,-120,not_tracked,2007-08-30T00:00:00.000000+00:00,0.0455,0.4783,0.5217,6.4582
141,IND,2007,2.5418,1577.6217,0.2882,10.5,-120,100,not_tracked,2007-08-30T00:00:00.000000+00:00,0.0455,0.5217,0.4783,10.5418
142,JAX,2007,0.9582,1532.3783,0.2292,9.0,100,-120,not_tracked,2007-08-30T00:00:00.000000+00:00,0.0455,0.4783,0.5217,8.9582
143,KC,2007,-0.5266,1489.5211,0.1191,7.5,100,-120,not_tracked,2007-08-30T00:00:00.000000+00:00,0.0455,0.4783,0.5217,7.4582
144,LAC,2007,2.6197,1579.8493,0.2288,10.5,-140,120,not_tracked,2007-08-30T00:00:00.000000+00:00,0.0379,0.562,0.438,10.6197
145,LAR,2007,-0.5418,1489.5211,0.0483,7.5,100,-120,not_tracked,2007-08-30T00:00:00.000000+00:00,0.0455,0.4783,0.5217,7.4582
146,MIA,2007,-0.9582,1477.6217,0.0217,7.0,-120,100,not_tracked,2007-08-30T00:00:00.000000+00:00,0.0455,0.5217,0.4783,7.0418
147,MIN,2007,-1.3803,1465.5636,-0.0192,6.5,-140,120,not_tracked,2007-08-30T00:00:00.000000+00:00,0.0379,0.562,0.438,6.6197
148,NE,2007,3.5,1605.0,0.2458,11.5,-110,-110,not_tracked,2007-08-30T00:00:00.000000+00:00,0.0476,0.5,0.5,11.5
149,NO,2007,1.0,1533.5714,0.1043,9.0,-110,-110,not_tracked,2007-08-30T00:00:00.000000+00:00,0.0476,0.5,0.5,9.0
150,NYG,2007,0.0,1505.0,0.1591,8.0,-110,-110,not_tracked,2007-08-30T00:00:00.000000+00:00,0.0476,0.5,0.5,8.0
151,NYJ,2007,-0.2177,1498.779,0.1111,8.0,150,-170,not_tracked,2007-08-30T00:00:00.000000+00:00,0.0296,0.3885,0.6115,7.7823
152,OAK,2007,-2.9582,1420.4789,0.1646,5.0,-120,100,not_tracked,2007-08-30T00:00:00.000000+00:00,0.0455,0.5217,0.4783,5.0418
153,PHI,2007,1.1197,1536.9922,0.0512,9.0,-140,120,not_tracked,2007-08-30T00:00:00.000000+00:00,0.0379,0.562,0.438,9.1197
154,PIT,2007,0.8987,1530.6759,0.1515,9.0,115,-135,not_tracked,2007-08-30T00:00:00.000000+00:00,0.0396,0.4474,0.5526,8.8987
155,SEA,2007,0.8803,1530.1507,-0.0446,9.0,120,-140,not_tracked,2007-08-30T00:00:00.000000+00:00,0.0379,0.438,0.562,8.8803
156,SF,2007,-0.3625,1494.6417,-0.0859,7.5,-145,125,not_tracked,2007-08-30T00:00:00.000000+00:00,0.0363,0.5711,0.4289,7.6375
157,TB,2007,-1.0,1476.4286,-0.0022,7.0,-110,-110,not_tracked,2007-08-30T00:00:00.000000+00:00,0.0476,0.5,0.5,7.0
158,TEN,2007,-1.0624,1474.6452,0.4914,7.0,105,-125,not_tracked,2007-08-30T00:00:00.000000+00:00,0.0434,0.4675,0.5325,6.9376
159,WAS,2007,-0.6872,1485.3669,0.0902,7.5,140,-160,not_tracked,2007-08-30T00:00:00.000000+00:00,0.0321,0.4037,0.5963,7.3128
160,ARI,2008,-0.3987,1493.6098,-0.131,7.5,-135,115,not_tracked,2008-08-30T00:00:00.000000+00:00,0.0396,0.5526,0.4474,7.6013
161,ATL,2008,-3.3454,1409.4166,-0.1941,4.5,-150,130,not_tracked,2008-08-30T00:00:00.000000+00:00,0.0348,0.5798,0.4202,4.6546
162,BAL,2008,-2.1013,1444.9616,0.1314,6.0,115,-135,not_tracked,2008-08-30T00:00:00.000000+00:00,0.0396,0.4474,0.5526,5.8987
163,BUF,2008,-0.3454,1495.1309,-0.0213,7.5,-150,130,not_tracked,2008-08-30T00:00:00.000000+00:00,0.0348,0.5798,0.4202,7.6546
164,CAR,2008,-0.3803,1494.135,-0.491,7.5,-140,120,not_tracked,2008-08-30T00:00:00.000000+00:00,0.0379,0.562,0.438,7.6197
165,CHI,2008,-0.0823,1502.6498,-0.0536,8.0,110,-130,not_tracked,2008-08-30T00:00:00.000000+00:00,0.0414,0.4573,0.5427,7.9177
166,CIN,2008,-0.9376,1478.2119,0.2012,7.0,-125,105,not_tracked,2008-08-30T00:00:00.000000+00:00,0.0434,0.5325,0.4675,7.0624
167,CLE,2008,0.1546,1509.4166,0.1934,8.0,-150,130,not_tracked,2008-08-30T00:00:00.000000+00:00,0.0348,0.5798,0.4202,8.1546
168,DAL,2008,2.6013,1579.3241,-0.1729,10.5,-135,115,not_tracked,2008-08-30T00:00:00.000000+00:00,0.0396,0.5526,0.4474,10.6013
169,DEN,2008,-0.3625,1494.6417,-0.2047,7.5,-145,125,not_tracked,2008-08-30T00:00:00.000000+00:00,0.0363,0.5711,0.4289,7.6375
170,DET,2008,-1.4177,1464.4931,0.0118,6.5,-130,110,not_tracked,2008-08-30T00:00:00.000000+00:00,0.0414,0.5427,0.4573,6.5823
171,GB,2008,0.3128,1513.9383,0.1419,8.5,140,-160,not_tracked,2008-08-30T00:00:00.000000+00:00,0.0321,0.4037,0.5963,8.3128
172,HOU,2008,-0.5418,1489.5211,0.164,7.5,100,-120,not_tracked,2008-08-30T00:00:00.000000+00:00,0.0455,0.4783,0.5217,7.4582
173,IND,2008,2.7973,1584.9234,0.5735,11.0,145,-165,not_tracked,2008-08-30T00:00:00.000000+00:00,0.0308,0.396,0.604,10.7973
174,JAX,2008,1.9792,1561.5485,0.0795,10.0,-105,-115,not_tracked,2008-08-30T00:00:00.000000+00:00,0.0471,0.4892,0.5108,9.9792
175,KC,2008,-2.2677,1440.2098,-0.1586,5.5,-175,155,not_tracked,2008-08-30T00:00:00.000000+00:00,0.0285,0.6187,0.3813,5.7323
176,LAC,2008,2.6013,1579.3241,-0.1988,10.5,-135,115,not_tracked,2008-08-30T00:00:00.000000+00:00,0.0396,0.5526,0.4474,10.6013
177,LAR,2008,-1.3803,1465.5636,-0.1397,6.5,-140,120,not_tracked,2008-08-30T00:00:00.000000+00:00,0.0379,0.562,0.438,6.6197
178,MIA,2008,-2.5,1433.5714,-0.1712,5.5,-110,-110,not_tracked,2008-08-30T00:00:00.000000+00:00,0.0476,0.5,0.5,5.5
179,MIN,2008,0.4582,1518.0926,-0.0199,8.5,100,-120,not_tracked,2008-08-30T00:00:00.000000+00:00,0.0455,0.4783,0.5217,8.4582
180,NE,2008,4.2027,1625.0766,-0.4807,12.0,-165,145,not_tracked,2008-08-30T00:00:00.000000+00:00,0.0308,0.604,0.396,12.2027
181,NO,2008,0.6711,1524.1753,-0.785,8.5,-155,135,not_tracked,2008-08-30T00:00:00.000000+00:00,0.0334,0.5882,0.4118,8.6711
182,NYG,2008,0.6197,1522.7065,0.1037,8.5,-140,120,not_tracked,2008-08-30T00:00:00.000000+00:00,0.0379,0.562,0.438,8.6197
183,NYJ,2008,-0.5,1490.7143,-0.194,7.5,-110,-110,not_tracked,2008-08-30T00:00:00.000000+00:00,0.0476,0.5,0.5,7.5
184,OAK,2008,-1.8987,1450.7527,-0.3113,6.0,-135,115,not_tracked,2008-08-30T00:00:00.000000+00:00,0.0396,0.5526,0.4474,6.1013
185,PHI,2008,0.7177,1525.5067,-0.1041,8.5,-170,150,not_tracked,2008-08-30T00:00:00.000000+00:00,0.0296,0.6115,0.3885,8.7177
186,PIT,2008,1.0823,1535.9217,0.4659,9.0,-130,110,not_tracked,2008-08-30T00:00:00.000000+00:00,0.0414,0.5427,0.4573,9.0823
187,SEA,2008,0.6546,1523.7023,-0.1654,8.5,-150,130,not_tracked,2008-08-30T00:00:00.000000+00:00,0.0348,0.5798,0.4202,8.6546
188,SF,2008,-1.8289,1452.7467,0.0839,6.0,-155,135,not_tracked,2008-08-30T00:00:00.000000+00:00,0.0334,0.5882,0.4118,6.1711
189,TB,2008,-0.0823,1502.6498,-0.3444,8.0,110,-130,not_tracked,2008-08-30T00:00:00.000000+00:00,0.0414,0.4573,0.5427,7.9177
190,TEN,2008,0.0,1505.0,0.0629,8.0,-110,-110,not_tracked,2008-08-30T00:00:00.000000+00:00,0.0476,0.5,0.5,8.0
191,WAS,2008,-0.4582,1491.9074,0.1485,7.5,-120,100,not_tracked,2008-08-30T00:00:00.000000+00:00,0.0455,0.5217,0.4783,7.5418
192,ARI,2009,0.4806,1518.7305,0.038,8.5,-110,-120,not_tracked,2009-08-30T00:00:00.000000+00:00,0.0693,0.4899,0.5101,8.4806
193,ATL,2009,0.4334,1517.3819,0.3405,8.5,100,-135,not_tracked,2009-08-30T00:00:00.000000+00:00,0.0745,0.4653,0.5347,8.4334
194,BAL,2009,0.6332,1523.0928,0.4507,8.5,-150,120,not_tracked,2009-08-30T00:00:00.000000+00:00,0.0545,0.569,0.431,8.6332
195,BUF,2009,-0.4806,1491.2695,0.2335,7.5,-120,-110,not_tracked,2009-08-30T00:00:00.000000+00:00,0.0693,0.5101,0.4899,7.5194
196,CAR,2009,0.4026,1516.5029,0.4868,8.5,110,-140,not_tracked,2009-08-30T00:00:00.000000+00:00,0.0595,0.4494,0.5506,8.4026
197,CHI,2009,0.6667,1524.0495,-0.1061,8.5,-160,130,not_tracked,2009-08-30T00:00:00.000000+00:00,0.0502,0.586,0.414,8.6667
198,CIN,2009,-0.9635,1477.4719,-0.0783,7.0,-130,-110,not_tracked,2009-08-30T00:00:00.000000+00:00,0.089,0.519,0.481,7.0365
199,CLE,2009,-1.2556,1469.1245,0.0207,7.0,160,-190,not_tracked,2009-08-30T00:00:00.000000+00:00,0.0398,0.3699,0.6301,6.7444
200,DAL,2009,1.039,1534.6858,0.4762,9.0,-125,-105,not_tracked,2009-08-30T00:00:00.000000+00:00,0.0678,0.5203,0.4797,9.039
201,DEN,2009,-1.5785,1459.9004,0.4782,6.5,105,-135,not_tracked,2009-08-30T00:00:00.000000+00:00,0.0623,0.4592,0.5408,6.4215
202,DET,2009,-3.4334,1406.9038,0.365,4.5,-135,100,not_tracked,2009-08-30T00:00:00.000000+00:00,0.0745,0.5347,0.4653,4.5666
203,GB,2009,1.0588,1535.2526,-0.277,9.0,-130,100,not_tracked,2009-08-30T00:00:00.000000+00:00,0.0652,0.5306,0.4694,9.0588
204,HOU,2009,0.4026,1516.5029,0.0711,8.5,110,-140,not_tracked,2009-08-30T00:00:00.000000+00:00,0.0595,0.4494,0.5506,8.4026
205,IND,2009,2.0,1562.1429,0.0406,10.0,-115,-115,not_tracked,2009-08-30T00:00:00.000000+00:00,0.0698,0.5,0.5,10.0
206,JAX,2009,0.0785,1507.2424,0.1019,8.0,-135,105,not_tracked,2009-08-30T00:00:00.000000+00:00,0.0623,0.5408,0.4592,8.0785
207,KC,2009,-1.961,1448.9715,0.1522,6.0,-125,-105,not_tracked,2009-08-30T00:00:00.000000+00:00,0.0678,0.5203,0.4797,6.039
208,LAC,2009,2.0974,1564.9257,-0.3659,10.0,-140,110,not_tracked,2009-08-30T00:00:00.000000+00:00,0.0595,0.5506,0.4494,10.0974
209,LAR,2009,-2.3668,1437.3785,0.2041,5.5,-150,120,not_tracked,2009-08-30T00:00:00.000000+00:00,0.0545,0.569,0.431,5.6332
210,MIA,2009,-0.961,1477.5429,0.7843,7.0,-125,-105,not_tracked,2009-08-30T00:00:00.000000+00:00,0.0678,0.5203,0.4797,7.039
211,MIN,2009,1.5624,1549.6405,-0.0588,9.5,-125,105,not_tracked,2009-08-30T00:00:00.000000+00:00,0.0434,0.5325,0.4675,9.5624
212,NE,2009,3.5785,1607.2424,-0.0869,11.5,-135,105,not_tracked,2009-08-30T00:00:00.000000+00:00,0.0623,0.5408,0.4592,11.5785
213,NO,2009,1.0194,1534.1267,0.145,9.0,-120,-110,not_tracked,2009-08-30T00:00:00.000000+00:00,0.0693,0.5101,0.4899,9.0194
214,NYG,2009,2.0194,1562.6981,0.294,10.0,-120,-110,not_tracked,2009-08-30T00:00:00.000000+00:00,0.0693,0.5101,0.4899,10.0194
215,NYJ,2009,-0.9412,1478.1098,0.4182,7.0,-130,100,not_tracked,2009-08-30T00:00:00.000000+00:00,0.0652,0.5306,0.4694,7.0588
216,OAK,2009,-2.0974,1445.0743,0.1607,6.0,110,-140,not_tracked,2009-08-30T00:00:00.000000+00:00,0.0595,0.4494,0.5506,5.9026
217,PHI,2009,1.6156,1551.1611,0.2513,9.5,-145,115,not_tracked,2009-08-30T00:00:00.000000+00:00,0.057,0.5599,0.4401,9.6156
218,PIT,2009,2.539,1577.5429,-0.4285,10.5,-125,-105,not_tracked,2009-08-30T00:00:00.000000+00:00,0.0678,0.5203,0.4797,10.539
219,SEA,2009,-0.2869,1496.8041,-0.1838,7.5,-175,145,not_tracked,2009-08-30T00:00:00.000000+00:00,0.0445,0.6092,0.3908,7.7131
220,SF,2009,-0.9026,1479.2114,0.0625,7.0,-140,110,not_tracked,2009-08-30T00:00:00.000000+00:00,0.0595,0.5506,0.4494,7.0974
221,TB,2009,-1.6981,1456.4817,0.67,6.5,140,-170,not_tracked,2009-08-30T00:00:00.000000+00:00,0.0463,0.3982,0.6018,6.3019
222,TEN,2009,0.961,1532.4571,0.4824,9.0,-105,-125,not_tracked,2009-08-30T00:00:00.000000+00:00,0.0678,0.4797,0.5203,8.961
223,WAS,2009,0.3668,1515.4787,0.0104,8.5,120,-150,not_tracked,2009-08-30T00:00:00.000000+00:00,0.0545,0.431,0.569,8.3668
224,ARI,2010,-0.4026,1493.4971,-0.2874,7.5,-140,110,not_tracked,2010-08-30T00:00:00.000000+00:00,0.0595,0.5506,0.4494,7.5974
225,ATL,2010,1.5,1547.8571,-0.0938,9.5,-115,-115,not_tracked,2010-08-30T00:00:00.000000+00:00,0.0698,0.5,0.5,9.5
226,BAL,2010,1.961,1561.0285,-0.2102,10.0,-105,-125,not_tracked,2010-08-30T00:00:00.000000+00:00,0.0678,0.4797,0.5203,9.961
227,BUF,2010,-2.961,1420.4,0.3108,5.0,-125,-105,not_tracked,2010-08-30T00:00:00.000000+00:00,0.0678,0.5203,0.4797,5.039
228,CAR,2010,-1.1156,1473.1246,0.0502,7.0,115,-145,not_tracked,2010-08-30T00:00:00.000000+00:00,0.057,0.4401,0.5599,6.8844
229,CHI,2010,-0.0785,1502.7576,0.1384,8.0,105,-135,not_tracked,2010-08-30T00:00:00.000000+00:00,0.0623,0.4592,0.5408,7.9215
230,CIN,2010,0.0974,1507.7829,0.4039,8.0,-140,110,not_tracked,2010-08-30T00:00:00.000000+00:00,0.0595,0.5506,0.4494,8.0974
231,CLE,2010,-2.4412,1435.2526,0.2464,5.5,-130,100,not_tracked,2010-08-30T00:00:00.000000+00:00,0.0652,0.5306,0.4694,5.5588
232,DAL,2010,2.0785,1564.3853,0.3741,10.0,-135,105,not_tracked,2010-08-30T00:00:00.000000+00:00,0.0623,0.5408,0.4592,10.0785
233,DEN,2010,-0.9412,1478.1098,-0.0072,7.0,-130,100,not_tracked,2010-08-30T00:00:00.000000+00:00,0.0652,0.5306,0.4694,7.0588
234,DET,2010,-2.8497,1423.579,0.2598,5.0,-155,125,not_tracked,2010-08-30T00:00:00.000000+00:00,0.0523,0.5776,0.4224,5.1503
235,GB,2010,1.6667,1552.6209,0.2724,9.5,-160,130,not_tracked,2010-08-30T00:00:00.000000+00:00,0.0502,0.586,0.414,9.6667
236,HOU,2010,0.5,1519.2857,0.4845,8.5,-115,-115,not_tracked,2010-08-30T00:00:00.000000+00:00,0.0698,0.5,0.5,8.5
237,IND,2010,2.5588,1578.1098,0.1936,10.5,-130,100,not_tracked,2010-08-30T00:00:00.000000+00:00,0.0652,0.5306,0.4694,10.5588
238,JAX,2010,-1.039,1475.3142,0.1205,7.0,-105,-125,not_tracked,2010-08-30T00:00:00.000000+00:00,0.0678,0.4797,0.5203,6.961
239,KC,2010,-1.5,1462.1429,-0.3494,6.5,-115,-115,not_tracked,2010-08-30T00:00:00.000000+00:00,0.0698,0.5,0.5,6.5
240,LAC,2010,2.5,1576.4286,-0.5551,10.5,-115,-115,not_tracked,2010-08-30T00:00:00.000000+00:00,0.0698,0.5,0.5,10.5
241,LAR,2010,-3.461,1406.1143,-0.3406,4.5,-125,-105,not_tracked,2010-08-30T00:00:00.000000+00:00,0.0678,0.5203,0.4797,4.539
242,MIA,2010,0.539,1520.4,-0.081,8.5,-125,-105,not_tracked,2010-08-30T00:00:00.000000+00:00,0.0678,0.5203,0.4797,8.539
243,MIN,2010,1.4806,1547.3019,0.1909,9.5,-110,-120,not_tracked,2010-08-30T00:00:00.000000+00:00,0.0693,0.4899,0.5101,9.4806
244,NE,2010,1.5194,1548.4124,0.3029,9.5,-120,-110,not_tracked,2010-08-30T00:00:00.000000+00:00,0.0693,0.5101,0.4899,9.5194
245,NO,2010,2.4412,1574.7474,-0.2794,10.5,100,-130,not_tracked,2010-08-30T00:00:00.000000+00:00,0.0652,0.4694,0.5306,10.4412
246,NYG,2010,0.9806,1533.0162,0.2456,9.0,-110,-120,not_tracked,2010-08-30T00:00:00.000000+00:00,0.0693,0.4899,0.5101,8.9806
247,NYJ,2010,1.539,1548.9715,0.1384,9.5,-125,-105,not_tracked,2010-08-30T00:00:00.000000+00:00,0.0678,0.5203,0.4797,9.539
248,OAK,2010,-1.8668,1451.6642,-0.0466,6.0,-150,120,not_tracked,2010-08-30T00:00:00.000000+00:00,0.0545,0.569,0.431,6.1332
249,PHI,2010,0.4026,1516.5029,0.6744,8.5,110,-140,not_tracked,2010-08-30T00:00:00.000000+00:00,0.0595,0.4494,0.5506,8.4026
250,PIT,2010,0.4806,1518.7305,0.2103,8.5,-110,-120,not_tracked,2010-08-30T00:00:00.000000+00:00,0.0693,0.4899,0.5101,8.4806
251,SEA,2010,-1.0974,1473.6457,-0.1946,7.0,110,-140,not_tracked,2010-08-30T00:00:00.000000+00:00,0.0595,0.4494,0.5506,6.9026
252,SF,2010,1.0,1533.5714,-0.5559,9.0,-115,-115,not_tracked,2010-08-30T00:00:00.000000+00:00,0.0698,0.5,0.5,9.0
253,TB,2010,-2.0588,1446.1759,-0.1013,6.0,100,-130,not_tracked,2010-08-30T00:00:00.000000+00:00,0.0652,0.4694,0.5306,5.9412
254,TEN,2010,0.0588,1506.6812,0.3846,8.0,-130,100,not_tracked,2010-08-30T00:00:00.000000+00:00,0.0652,0.5306,0.4694,8.0588
255,WAS,2010,-0.5588,1489.0331,0.2313,7.5,100,-130,not_tracked,2010-08-30T00:00:00.000000+00:00,0.0652,0.4694,0.5306,7.4412
256,ARI,2011,-0.8668,1480.2356,-0.4329,7.0,-150,120,not_tracked,2011-08-30T00:00:00.000000+00:00,0.0545,0.569,0.431,7.1332
257,ATL,2011,1.961,1561.0285,0.0779,10.0,-105,-125,not_tracked,2011-08-30T00:00:00.000000+00:00,0.0678,0.4797,0.5203,9.961
258,BAL,2011,2.4026,1573.6457,0.1285,10.5,110,-140,not_tracked,2011-08-30T00:00:00.000000+00:00,0.0595,0.4494,0.5506,10.4026
259,BUF,2011,-2.4806,1434.1267,0.4591,5.5,-120,-110,not_tracked,2011-08-30T00:00:00.000000+00:00,0.0693,0.5101,0.4899,5.5194
260,CAR,2011,-3.539,1403.8857,0.4789,4.5,-105,-125,not_tracked,2011-08-30T00:00:00.000000+00:00,0.0678,0.4797,0.5203,4.461
261,CHI,2011,0.3333,1514.5219,0.2994,8.5,130,-160,not_tracked,2011-08-30T00:00:00.000000+00:00,0.0502,0.414,0.586,8.3333
262,CIN,2011,-2.5974,1430.7886,-0.0267,5.5,110,-140,not_tracked,2011-08-30T00:00:00.000000+00:00,0.0595,0.4494,0.5506,5.4026
263,CLE,2011,-1.3333,1466.9066,-0.112,6.5,-160,130,not_tracked,2011-08-30T00:00:00.000000+00:00,0.0502,0.586,0.414,6.6667
264,DAL,2011,0.9026,1530.7886,0.1437,9.0,110,-140,not_tracked,2011-08-30T00:00:00.000000+00:00,0.0595,0.4494,0.5506,8.9026
265,DEN,2011,-1.9806,1448.4124,0.4907,6.0,-120,-110,not_tracked,2011-08-30T00:00:00.000000+00:00,0.0693,0.5101,0.4899,6.0194
266,DET,2011,0.1156,1508.304,0.4249,8.0,-145,115,not_tracked,2011-08-30T00:00:00.000000+00:00,0.057,0.5599,0.4401,8.1156
267,GB,2011,3.3668,1601.1929,0.0241,11.5,120,-150,not_tracked,2011-08-30T00:00:00.000000+00:00,0.0545,0.431,0.569,11.3668
268,HOU,2011,1.1156,1536.8754,-0.2056,9.0,-145,115,not_tracked,2011-08-30T00:00:00.000000+00:00,0.057,0.5599,0.4401,9.1156
269,IND,2011,1.5785,1550.0996,0.0452,9.5,-135,105,not_tracked,2011-08-30T00:00:00.000000+00:00,0.0623,0.5408,0.4592,9.5785
270,JAX,2011,-1.5194,1461.5876,0.5453,6.5,-110,-120,not_tracked,2011-08-30T00:00:00.000000+00:00,0.0693,0.4899,0.5101,6.4806
271,KC,2011,-0.5,1490.7143,0.4992,7.5,-115,-115,not_tracked,2011-08-30T00:00:00.000000+00:00,0.0698,0.5,0.5,7.5
272,LAC,2011,2.8844,1587.4103,-0.1247,11.0,115,-145,not_tracked,2011-08-30T00:00:00.000000+00:00,0.057,0.4401,0.5599,10.8844
273,LAR,2011,-0.4806,1491.2695,0.1451,7.5,-120,-110,not_tracked,2011-08-30T00:00:00.000000+00:00,0.0693,0.5101,0.4899,7.5194
274,MIA,2011,-0.6156,1487.4103,0.4648,7.5,115,-145,not_tracked,2011-08-30T00:00:00.000000+00:00,0.057,0.4401,0.5599,7.3844
275,MIN,2011,-0.9806,1476.9838,0.2556,7.0,-120,-110,not_tracked,2011-08-30T00:00:00.000000+00:00,0.0693,0.5101,0.4899,7.0194
276,NE,2011,3.5,1605.0,0.2777,11.5,-115,-115,not_tracked,2011-08-30T00:00:00.000000+00:00,0.0698,0.5,0.5,11.5
277,NO,2011,2.1332,1565.9499,-0.0236,10.0,-150,120,not_tracked,2011-08-30T00:00:00.000000+00:00,0.0545,0.569,0.431,10.1332
278,NYG,2011,1.3333,1543.0934,0.7622,9.5,130,-160,not_tracked,2011-08-30T00:00:00.000000+00:00,0.0502,0.414,0.586,9.3333
279,NYJ,2011,1.9215,1559.9004,0.2165,10.0,105,-135,not_tracked,2011-08-30T00:00:00.000000+00:00,0.0623,0.4592,0.5408,9.9215
280,OAK,2011,-1.539,1461.0285,0.3594,6.5,-105,-125,not_tracked,2011-08-30T00:00:00.000000+00:00,0.0678,0.4797,0.5203,6.461
281,PHI,2011,2.6332,1580.2356,0.0719,10.5,-150,120,not_tracked,2011-08-30T00:00:00.000000+00:00,0.0545,0.569,0.431,10.6332
282,PIT,2011,2.5194,1576.9838,-0.3719,10.5,-120,-110,not_tracked,2011-08-30T00:00:00.000000+00:00,0.0693,0.5101,0.4899,10.5194
283,SEA,2011,-2.1332,1444.0501,0.1513,6.0,120,-150,not_tracked,2011-08-30T00:00:00.000000+00:00,0.0545,0.431,0.569,5.8668
284,SF,2011,-0.539,1489.6,0.0215,7.5,-105,-125,not_tracked,2011-08-30T00:00:00.000000+00:00,0.0678,0.4797,0.5203,7.461
285,TB,2011,-0.1332,1501.1929,0.2527,8.0,120,-150,not_tracked,2011-08-30T00:00:00.000000+00:00,0.0545,0.431,0.569,7.8668
286,TEN,2011,-1.4412,1463.8241,-0.0436,6.5,-130,100,not_tracked,2011-08-30T00:00:00.000000+00:00,0.0652,0.5306,0.4694,6.5588
287,WAS,2011,-1.961,1448.9715,0.2203,6.0,-125,-105,not_tracked,2011-08-30T00:00:00.000000+00:00,0.0678,0.5203,0.4797,6.039
288,ARI,2012,-1.1839,1471.1733,0.58,7.0,133,-170,not_tracked,2012-08-30T00:00:00.000000+00:00,0.0588,0.4053,0.5947,6.8161
289,ATL,2012,1.0785,1535.8138,0.1166,9.0,-135,105,not_tracked,2012-08-30T00:00:00.000000+00:00,0.0623,0.5408,0.4592,9.0785
290,BAL,2012,1.7632,1555.3766,0.5617,10.0,150,-190,not_tracked,2012-08-30T00:00:00.000000+00:00,0.0552,0.3791,0.6209,9.7632
291,BUF,2012,0.1332,1508.8071,-0.1335,8.0,-150,120,not_tracked,2012-08-30T00:00:00.000000+00:00,0.0545,0.569,0.431,8.1332
292,CAR,2012,-0.3844,1494.0183,0.3028,7.5,-145,115,not_tracked,2012-08-30T00:00:00.000000+00:00,0.057,0.5599,0.4401,7.6156
293,CHI,2012,1.461,1546.7428,0.0123,9.5,-105,-125,not_tracked,2012-08-30T00:00:00.000000+00:00,0.0678,0.4797,0.5203,9.461
294,CIN,2012,-0.0785,1502.7576,0.1796,8.0,105,-135,not_tracked,2012-08-30T00:00:00.000000+00:00,0.0623,0.4592,0.5408,7.9215
295,CLE,2012,-2.6839,1428.3161,0.4648,5.5,133,-170,not_tracked,2012-08-30T00:00:00.000000+00:00,0.0588,0.4053,0.5947,5.3161
296,DAL,2012,0.6562,1523.7481,0.3224,8.5,-160,125,not_tracked,2012-08-30T00:00:00.000000+00:00,0.0598,0.5806,0.4194,8.6562
297,DEN,2012,0.6839,1524.541,0.5125,8.5,-170,133,not_tracked,2012-08-30T00:00:00.000000+00:00,0.0588,0.5947,0.4053,8.6839
298,DET,2012,0.9215,1531.329,0.2491,9.0,105,-135,not_tracked,2012-08-30T00:00:00.000000+00:00,0.0623,0.4592,0.5408,8.9215
299,GB,2012,3.736,1611.7431,-0.1159,12.0,160,-200,not_tracked,2012-08-30T00:00:00.000000+00:00,0.0513,0.3659,0.6341,11.736
300,HOU,2012,2.2368,1568.9091,0.099,10.0,-190,150,not_tracked,2012-08-30T00:00:00.000000+00:00,0.0552,0.6209,0.3791,10.2368
301,IND,2012,-2.539,1432.4571,0.2287,5.5,-105,-125,not_tracked,2012-08-30T00:00:00.000000+00:00,0.0678,0.4797,0.5203,5.461
302,JAX,2012,-2.5194,1433.0162,0.2404,5.5,-110,-120,not_tracked,2012-08-30T00:00:00.000000+00:00,0.0693,0.4899,0.5101,5.4806
303,KC,2012,-0.1562,1500.5376,-0.0008,8.0,125,-160,not_tracked,2012-08-30T00:00:00.000000+00:00,0.0598,0.4194,0.5806,7.8438
304,LAC,2012,0.8276,1528.6469,-0.0072,9.0,130,-165,not_tracked,2012-08-30T00:00:00.000000+00:00,0.0574,0.4112,0.5888,8.8276
305,LAR,2012,-1.961,1448.9715,0.271,6.0,-125,-105,not_tracked,2012-08-30T00:00:00.000000+00:00,0.0678,0.5203,0.4797,6.039
306,MIA,2012,-1.2969,1467.9465,0.1554,7.0,170,-220,not_tracked,2012-08-30T00:00:00.000000+00:00,0.0579,0.3501,0.6499,6.7031
307,MIN,2012,-2.0,1447.8571,0.4156,6.0,-115,-115,not_tracked,2012-08-30T00:00:00.000000+00:00,0.0698,0.5,0.5,6.0
308,NE,2012,4.0,1619.2857,-0.0323,12.0,-115,-115,not_tracked,2012-08-30T00:00:00.000000+00:00,0.0698,0.5,0.5,12.0
309,NO,2012,1.539,1548.9715,0.3511,9.5,-125,-105,not_tracked,2012-08-30T00:00:00.000000+00:00,0.0678,0.5203,0.4797,9.539
310,NYG,2012,1.0974,1536.3543,0.5559,9.0,-140,110,not_tracked,2012-08-30T00:00:00.000000+00:00,0.0595,0.5506,0.4494,9.0974
311,NYJ,2012,0.3438,1514.8233,0.1969,8.5,125,-160,not_tracked,2012-08-30T00:00:00.000000+00:00,0.0598,0.4194,0.5806,8.3438
312,OAK,2012,-1.0,1476.4286,0.0165,7.0,-115,-115,not_tracked,2012-08-30T00:00:00.000000+00:00,0.0698,0.5,0.5,7.0
313,PHI,2012,1.9026,1559.36,0.0865,10.0,110,-140,not_tracked,2012-08-30T00:00:00.000000+00:00,0.0595,0.4494,0.5506,9.9026
314,PIT,2012,2.039,1563.2572,-0.0089,10.0,-125,-105,not_tracked,2012-08-30T00:00:00.000000+00:00,0.0678,0.5203,0.4797,10.039
315,SEA,2012,-0.4412,1492.3955,0.2527,7.5,-130,100,not_tracked,2012-08-30T00:00:00.000000+00:00,0.0652,0.5306,0.4694,7.5588
316,SF,2012,1.9026,1559.36,0.4916,10.0,110,-140,not_tracked,2012-08-30T00:00:00.000000+00:00,0.0595,0.4494,0.5506,9.9026
317,TB,2012,-1.9026,1450.64,0.1813,6.0,-140,110,not_tracked,2012-08-30T00:00:00.000000+00:00,0.0595,0.5506,0.4494,6.0974
318,TEN,2012,-0.8844,1479.7325,0.2826,7.0,-145,115,not_tracked,2012-08-30T00:00:00.000000+00:00,0.057,0.5599,0.4401,7.1156
319,WAS,2012,-1.6156,1458.8389,0.2518,6.5,115,-145,not_tracked,2012-08-30T00:00:00.000000+00:00,0.057,0.4401,0.5599,6.3844
320,ARI,2013,-2.3438,1438.0338,0.6841,5.5,-160,125,not_tracked,2013-08-30T00:00:00.000000+00:00,0.0598,0.5806,0.4194,5.6562
321,ATL,2013,1.9412,1560.4617,0.3454,10.0,100,-130,not_tracked,2013-08-30T00:00:00.000000+00:00,0.0652,0.4694,0.5306,9.9412
322,BAL,2013,0.4806,1518.7305,0.4835,8.5,-110,-120,not_tracked,2013-08-30T00:00:00.000000+00:00,0.0693,0.4899,0.5101,8.4806
323,BUF,2013,-1.6332,1458.3358,0.0876,6.5,120,-150,not_tracked,2013-08-30T00:00:00.000000+00:00,0.0545,0.431,0.569,6.3668
324,CAR,2013,-0.4026,1493.4971,0.6333,7.5,-140,110,not_tracked,2013-08-30T00:00:00.000000+00:00,0.0595,0.5506,0.4494,7.5974
325,CHI,2013,0.6332,1523.0928,0.3297,8.5,-150,120,not_tracked,2013-08-30T00:00:00.000000+00:00,0.0545,0.569,0.431,8.6332
326,CIN,2013,0.6839,1524.541,0.0435,8.5,-170,133,not_tracked,2013-08-30T00:00:00.000000+00:00,0.0588,0.5947,0.4053,8.6839
327,CLE,2013,-1.461,1463.2572,0.1477,6.5,-125,-105,not_tracked,2013-08-30T00:00:00.000000+00:00,0.0678,0.5203,0.4797,6.539
328,DAL,2013,0.5,1519.2857,0.1919,8.5,-115,-115,not_tracked,2013-08-30T00:00:00.000000+00:00,0.0698,0.5,0.5,8.5
329,DEN,2013,3.461,1603.8857,-0.0244,11.5,-105,-125,not_tracked,2013-08-30T00:00:00.000000+00:00,0.0678,0.4797,0.5203,11.461
330,DET,2013,0.1332,1508.8071,0.1809,8.0,-150,120,not_tracked,2013-08-30T00:00:00.000000+00:00,0.0545,0.569,0.431,8.1332
331,GB,2013,2.461,1575.3142,0.5549,10.5,-105,-125,not_tracked,2013-08-30T00:00:00.000000+00:00,0.0678,0.4797,0.5203,10.461
332,HOU,2013,2.3438,1571.9662,-0.1301,10.5,125,-160,not_tracked,2013-08-30T00:00:00.000000+00:00,0.0598,0.4194,0.5806,10.3438
333,IND,2013,0.4806,1518.7305,0.0702,8.5,-110,-120,not_tracked,2013-08-30T00:00:00.000000+00:00,0.0693,0.4899,0.5101,8.4806
334,JAX,2013,-3.0,1419.2857,0.1377,5.0,-115,-115,not_tracked,2013-08-30T00:00:00.000000+00:00,0.0698,0.5,0.5,5.0
335,KC,2013,-0.4509,1492.1168,-0.1973,7.5,-160,-125,not_tracked,2013-08-30T00:00:00.000000+00:00,0.1709,0.5255,0.4745,7.5491
336,LAC,2013,-0.6332,1486.9072,0.24,7.5,120,-150,not_tracked,2013-08-30T00:00:00.000000+00:00,0.0545,0.431,0.569,7.3668
337,LAR,2013,-0.4806,1491.2695,0.5487,7.5,-120,-110,not_tracked,2013-08-30T00:00:00.000000+00:00,0.0693,0.5101,0.4899,7.5194
338,MIA,2013,-0.1332,1501.1929,0.1062,8.0,120,-150,not_tracked,2013-08-30T00:00:00.000000+00:00,0.0545,0.431,0.569,7.8668
339,MIN,2013,-1.039,1475.3142,0.6351,7.0,-105,-125,not_tracked,2013-08-30T00:00:00.000000+00:00,0.0678,0.4797,0.5203,6.961
340,NE,2013,2.8276,1585.7897,0.3154,11.0,130,-165,not_tracked,2013-08-30T00:00:00.000000+00:00,0.0574,0.4112,0.5888,10.8276
341,NO,2013,1.1332,1537.3785,0.4341,9.0,-150,120,not_tracked,2013-08-30T00:00:00.000000+00:00,0.0545,0.569,0.431,9.1332
342,NYG,2013,0.8276,1528.6469,0.2473,9.0,130,-165,not_tracked,2013-08-30T00:00:00.000000+00:00,0.0574,0.4112,0.5888,8.8276
343,NYJ,2013,-1.764,1454.6003,0.0531,6.5,160,-200,not_tracked,2013-08-30T00:00:00.000000+00:00,0.0513,0.3659,0.6341,6.236
344,OAK,2013,-2.764,1426.0288,0.1951,5.5,160,-200,not_tracked,2013-08-30T00:00:00.000000+00:00,0.0513,0.3659,0.6341,5.236
345,PHI,2013,-0.5588,1489.0331,0.1729,7.5,100,-130,not_tracked,2013-08-30T00:00:00.000000+00:00,0.0652,0.4694,0.5306,7.4412
346,PIT,2013,1.0,1533.5714,-0.2107,9.0,-115,-115,not_tracked,2013-08-30T00:00:00.000000+00:00,0.0698,0.5,0.5,9.0
347,SEA,2013,2.5974,1579.2114,0.4808,10.5,-140,110,not_tracked,2013-08-30T00:00:00.000000+00:00,0.0595,0.5506,0.4494,10.5974
348,SF,2013,3.2632,1598.2337,0.3849,11.5,150,-190,not_tracked,2013-08-30T00:00:00.000000+00:00,0.0552,0.3791,0.6209,11.2632
349,TB,2013,-0.3844,1494.0183,0.4532,7.5,-145,115,not_tracked,2013-08-30T00:00:00.000000+00:00,0.057,0.5599,0.4401,7.6156
350,TEN,2013,-1.5,1462.1429,0.0959,6.5,-115,-115,not_tracked,2013-08-30T00:00:00.000000+00:00,0.0698,0.5,0.5,6.5
351,WAS,2013,0.039,1506.1143,0.534,8.0,-125,-105,not_tracked,2013-08-30T00:00:00.000000+00:00,0.0678,0.5203,0.4797,8.039
352,ARI,2014,-0.2677,1497.3527,0.551,7.5,-175,155,not_tracked,2014-08-30T00:00:00.000000+00:00,0.0285,0.6187,0.3813,7.7323
353,ATL,2014,0.2823,1513.0647,0.2445,8.5,150,-170,not_tracked,2014-08-30T00:00:00.000000+00:00,0.0296,0.3885,0.6115,8.2823
354,BAL,2014,0.5418,1520.4789,0.1143,8.5,-120,100,not_tracked,2014-08-30T00:00:00.000000+00:00,0.0455,0.5217,0.4783,8.5418
355,BUF,2014,-1.3625,1466.0702,0.2144,6.5,-145,125,not_tracked,2014-08-30T00:00:00.000000+00:00,0.0363,0.5711,0.4289,6.6375
356,CAR,2014,-0.2027,1499.2091,0.6773,8.0,145,-165,not_tracked,2014-08-30T00:00:00.000000+00:00,0.0308,0.396,0.604,7.7973
357,CHI,2014,0.6546,1523.7023,0.3444,8.5,-150,130,not_tracked,2014-08-30T00:00:00.000000+00:00,0.0348,0.5798,0.4202,8.6546
358,CIN,2014,1.0,1533.5714,0.3243,9.0,-110,-110,not_tracked,2014-08-30T00:00:00.000000+00:00,0.0476,0.5,0.5,9.0
359,CLE,2014,-1.5823,1459.7926,-0.0765,6.5,110,-130,not_tracked,2014-08-30T00:00:00.000000+00:00,0.0414,0.4573,0.5427,6.4177
360,DAL,2014,-0.4218,1492.9488,0.4487,8.0,230,-270,not_tracked,2014-08-30T00:00:00.000000+00:00,0.0328,0.2934,0.7066,7.5782
361,DEN,2014,3.4582,1603.8068,0.1087,11.5,100,-120,not_tracked,2014-08-30T00:00:00.000000+00:00,0.0455,0.4783,0.5217,11.4582
362,DET,2014,0.4177,1516.9355,0.192,8.5,110,-130,not_tracked,2014-08-30T00:00:00.000000+00:00,0.0414,0.4573,0.5427,8.4177
363,GB,2014,2.3987,1573.5331,0.3822,10.5,115,-135,not_tracked,2014-08-30T00:00:00.000000+00:00,0.0396,0.4474,0.5526,10.3987
364,HOU,2014,-0.2677,1497.3527,-0.5123,7.5,-175,155,not_tracked,2014-08-30T00:00:00.000000+00:00,0.0285,0.6187,0.3813,7.7323
365,IND,2014,1.4177,1545.5069,0.3222,9.5,110,-130,not_tracked,2014-08-30T00:00:00.000000+00:00,0.0414,0.4573,0.5427,9.4177
366,JAX,2014,-2.8454,1423.7023,0.0702,5.0,-150,130,not_tracked,2014-08-30T00:00:00.000000+00:00,0.0348,0.5798,0.4202,5.1546
367,KC,2014,-0.2465,1497.9561,0.3226,8.0,160,-180,not_tracked,2014-08-30T00:00:00.000000+00:00,0.0275,0.3743,0.6257,7.7535
368,LAC,2014,0.1013,1507.8955,0.1514,8.0,-135,115,not_tracked,2014-08-30T00:00:00.000000+00:00,0.0396,0.5526,0.4474,8.1013
369,LAR,2014,-1.1197,1473.0078,0.4905,7.0,120,-140,not_tracked,2014-08-30T00:00:00.000000+00:00,0.0379,0.438,0.562,6.8803
370,MIA,2014,-0.2177,1498.779,0.043,8.0,150,-170,not_tracked,2014-08-30T00:00:00.000000+00:00,0.0296,0.3885,0.6115,7.7823
371,MIN,2014,-1.7677,1454.4955,0.4313,6.0,-175,155,not_tracked,2014-08-30T00:00:00.000000+00:00,0.0285,0.6187,0.3813,6.2323
372,NE,2014,2.7465,1583.4725,0.2337,10.5,-180,160,not_tracked,2014-08-30T00:00:00.000000+00:00,0.0275,0.6257,0.3743,10.7465
373,NO,2014,2.1872,1567.4902,0.15,10.0,-160,140,not_tracked,2014-08-30T00:00:00.000000+00:00,0.0321,0.5963,0.4037,10.1872
374,NYG,2014,-0.1546,1500.5834,0.1615,8.0,130,-150,not_tracked,2014-08-30T00:00:00.000000+00:00,0.0348,0.4202,0.5798,7.8454
375,NYJ,2014,-0.9376,1478.2119,0.2607,7.0,-125,105,not_tracked,2014-08-30T00:00:00.000000+00:00,0.0434,0.5325,0.4675,7.0624
376,OAK,2014,-2.9177,1421.636,0.5572,5.0,-130,110,not_tracked,2014-08-30T00:00:00.000000+00:00,0.0414,0.5427,0.4573,5.0823
377,PHI,2014,1.1546,1537.988,0.0913,9.0,-150,130,not_tracked,2014-08-30T00:00:00.000000+00:00,0.0348,0.5798,0.4202,9.1546
378,PIT,2014,0.6197,1522.7065,-0.1171,8.5,-140,120,not_tracked,2014-08-30T00:00:00.000000+00:00,0.0379,0.562,0.438,8.6197
379,SEA,2014,3.0,1590.7143,0.4986,11.0,-110,-110,not_tracked,2014-08-30T00:00:00.000000+00:00,0.0476,0.5,0.5,11.0
380,SF,2014,2.2973,1570.6377,0.4114,10.5,145,-165,not_tracked,2014-08-30T00:00:00.000000+00:00,0.0308,0.396,0.604,10.2973
381,TB,2014,-0.9582,1477.6217,0.3274,7.0,-120,100,not_tracked,2014-08-30T00:00:00.000000+00:00,0.0455,0.5217,0.4783,7.0418
382,TEN,2014,-0.8803,1479.8493,-0.2422,7.0,-140,120,not_tracked,2014-08-30T00:00:00.000000+00:00,0.0379,0.562,0.438,7.1197
383,WAS,2014,-0.4582,1491.9074,-0.0147,7.5,-120,100,not_tracked,2014-08-30T00:00:00.000000+00:00,0.0455,0.5217,0.4783,7.5418
384,ARI,2015,0.3803,1515.865,0.5275,8.5,120,-140,not_tracked,2015-08-30T00:00:00.000000+00:00,0.0379,0.438,0.562,8.3803
385,ATL,2015,0.5,1519.2857,-0.2305,8.5,-110,-110,not_tracked,2015-08-30T00:00:00.000000+00:00,0.0476,0.5,0.5,8.5
386,BAL,2015,1.1197,1536.9922,-0.0605,9.0,-140,120,not_tracked,2015-08-30T00:00:00.000000+00:00,0.0379,0.562,0.438,9.1197
387,BUF,2015,0.3454,1514.8691,0.4603,8.5,130,-150,not_tracked,2015-08-30T00:00:00.000000+00:00,0.0348,0.4202,0.5798,8.3454
388,CAR,2015,0.2823,1513.0647,0.5116,8.5,150,-170,not_tracked,2015-08-30T00:00:00.000000+00:00,0.0296,0.3885,0.6115,8.2823
389,CHI,2015,-1.5418,1460.9497,0.2938,6.5,100,-120,not_tracked,2015-08-30T00:00:00.000000+00:00,0.0455,0.4783,0.5217,6.4582
390,CIN,2015,0.4582,1518.0926,0.1716,8.5,100,-120,not_tracked,2015-08-30T00:00:00.000000+00:00,0.0455,0.4783,0.5217,8.4582
391,CLE,2015,-1.7323,1455.5045,0.2007,6.5,155,-175,not_tracked,2015-08-30T00:00:00.000000+00:00,0.0285,0.3813,0.6187,6.2677
392,DAL,2015,1.4177,1545.5069,0.5508,9.5,110,-130,not_tracked,2015-08-30T00:00:00.000000+00:00,0.0414,0.4573,0.5427,9.4177
393,DEN,2015,2.1197,1565.5636,0.411,10.0,-140,120,not_tracked,2015-08-30T00:00:00.000000+00:00,0.0379,0.562,0.438,10.1197
394,DET,2015,0.3454,1514.8691,0.4596,8.5,130,-150,not_tracked,2015-08-30T00:00:00.000000+00:00,0.0348,0.4202,0.5798,8.3454
395,GB,2015,2.8128,1585.3669,-0.0046,11.0,140,-160,not_tracked,2015-08-30T00:00:00.000000+00:00,0.0321,0.4037,0.5963,10.8128
396,HOU,2015,0.4582,1518.0926,0.0523,8.5,100,-120,not_tracked,2015-08-30T00:00:00.000000+00:00,0.0455,0.4783,0.5217,8.4582
397,IND,2015,2.6872,1581.776,-0.1697,10.5,-160,140,not_tracked,2015-08-30T00:00:00.000000+00:00,0.0321,0.5963,0.4037,10.6872
398,JAX,2015,-2.4582,1434.7646,0.3914,5.5,-120,100,not_tracked,2015-08-30T00:00:00.000000+00:00,0.0455,0.5217,0.4783,5.5418
399,KC,2015,0.6546,1523.7023,0.3305,8.5,-150,130,not_tracked,2015-08-30T00:00:00.000000+00:00,0.0348,0.5798,0.4202,8.6546
400,LAC,2015,0.1872,1510.3474,0.1114,8.0,-160,140,not_tracked,2015-08-30T00:00:00.000000+00:00,0.0321,0.5963,0.4037,8.1872
401,LAR,2015,-0.5,1490.7143,0.1083,7.5,-110,-110,not_tracked,2015-08-30T00:00:00.000000+00:00,0.0476,0.5,0.5,7.5
402,MIA,2015,1.2006,1538.9188,0.3656,9.0,-160,140,not_tracked,2015-08-30T00:00:00.000000+00:00,0.0321,0.5963,0.4037,9.1872
403,MIN,2015,0.1546,1509.4166,0.4938,8.0,-150,130,not_tracked,2015-08-30T00:00:00.000000+00:00,0.0348,0.5798,0.4202,8.1546
404,NE,2015,2.5823,1578.7788,0.3985,10.5,-130,110,not_tracked,2015-08-30T00:00:00.000000+00:00,0.0414,0.5427,0.4573,10.5823
405,NO,2015,0.5823,1521.636,-0.0968,8.5,-130,110,not_tracked,2015-08-30T00:00:00.000000+00:00,0.0414,0.5427,0.4573,8.5823
406,NYG,2015,-0.2177,1498.779,0.2907,8.0,150,-170,not_tracked,2015-08-30T00:00:00.000000+00:00,0.0296,0.3885,0.6115,7.7823
407,NYJ,2015,-0.5823,1488.364,0.2539,7.5,110,-130,not_tracked,2015-08-30T00:00:00.000000+00:00,0.0414,0.4573,0.5427,7.4177
408,OAK,2015,-2.3128,1438.9188,0.3286,5.5,-160,140,not_tracked,2015-08-30T00:00:00.000000+00:00,0.0321,0.5963,0.4037,5.6872
409,PHI,2015,2.0823,1564.4931,0.1472,10.0,-130,110,not_tracked,2015-08-30T00:00:00.000000+00:00,0.0414,0.5427,0.4573,10.0823
410,PIT,2015,0.5,1519.2857,0.5209,8.5,-110,-110,not_tracked,2015-08-30T00:00:00.000000+00:00,0.0476,0.5,0.5,8.5
411,SEA,2015,3.0418,1591.9074,0.0305,11.0,-120,100,not_tracked,2015-08-30T00:00:00.000000+00:00,0.0455,0.5217,0.4783,11.0418
412,SF,2015,-1.7323,1455.5045,0.5152,6.5,155,-175,not_tracked,2015-08-30T00:00:00.000000+00:00,0.0285,0.3813,0.6187,6.2677
413,TB,2015,-1.8454,1452.2738,0.0337,6.0,-150,130,not_tracked,2015-08-30T00:00:00.000000+00:00,0.0348,0.5798,0.4202,6.1546
414,TEN,2015,-2.2004,1442.1302,0.0246,5.5,-200,180,not_tracked,2015-08-30T00:00:00.000000+00:00,0.0238,0.6512,0.3488,5.7996
415,WAS,2015,-1.9177,1450.2074,0.6118,6.0,-130,110,not_tracked,2015-08-30T00:00:00.000000+00:00,0.0414,0.5427,0.4573,6.0823
416,ARI,2016,2.2177,1568.3638,-0.0487,10.0,-170,150,not_tracked,2016-08-30T00:00:00.000000+00:00,0.0296,0.6115,0.3885,10.2177
417,ATL,2016,-0.9177,1478.7788,0.7583,7.0,-130,110,not_tracked,2016-08-30T00:00:00.000000+00:00,0.0414,0.5427,0.4573,7.0823
418,BAL,2016,0.5,1519.2857,0.0585,8.5,-110,-110,not_tracked,2016-08-30T00:00:00.000000+00:00,0.0476,0.5,0.5,8.5
419,BUF,2016,-0.1546,1500.5834,0.3115,8.0,130,-150,not_tracked,2016-08-30T00:00:00.000000+00:00,0.0348,0.4202,0.5798,7.8454
420,CAR,2016,2.3803,1573.0078,-0.0755,10.5,120,-140,not_tracked,2016-08-30T00:00:00.000000+00:00,0.0379,0.438,0.562,10.3803
421,CHI,2016,-0.7027,1484.9234,-0.0636,7.5,145,-165,not_tracked,2016-08-30T00:00:00.000000+00:00,0.0308,0.396,0.604,7.2973
422,CIN,2016,1.4582,1546.664,0.0528,9.5,100,-120,not_tracked,2016-08-30T00:00:00.000000+00:00,0.0455,0.4783,0.5217,9.4582
423,CLE,2016,-3.3454,1409.4166,0.3737,4.5,-150,130,not_tracked,2016-08-30T00:00:00.000000+00:00,0.0348,0.5798,0.4202,4.6546
424,DAL,2016,0.4177,1516.9355,-0.0856,8.5,110,-130,not_tracked,2016-08-30T00:00:00.000000+00:00,0.0414,0.4573,0.5427,8.4177
425,DEN,2016,1.3454,1543.4405,0.3501,9.5,130,-150,not_tracked,2016-08-30T00:00:00.000000+00:00,0.0348,0.4202,0.5798,9.3454
426,DET,2016,-0.8454,1480.8452,0.2174,7.0,-150,130,not_tracked,2016-08-30T00:00:00.000000+00:00,0.0348,0.5798,0.4202,7.1546
427,GB,2016,2.7177,1582.6495,-0.1431,10.5,-170,150,not_tracked,2016-08-30T00:00:00.000000+00:00,0.0296,0.6115,0.3885,10.7177
428,HOU,2016,0.5418,1520.4789,0.4739,8.5,-120,100,not_tracked,2016-08-30T00:00:00.000000+00:00,0.0455,0.5217,0.4783,8.5418
429,IND,2016,0.8803,1530.1507,0.1882,9.0,120,-140,not_tracked,2016-08-30T00:00:00.000000+00:00,0.0379,0.438,0.562,8.8803
430,JAX,2016,-0.4376,1492.4977,0.237,7.5,-125,105,not_tracked,2016-08-30T00:00:00.000000+00:00,0.0434,0.5325,0.4675,7.5624
431,KC,2016,1.6197,1551.2779,0.3335,9.5,-140,120,not_tracked,2016-08-30T00:00:00.000000+00:00,0.0379,0.562,0.438,9.6197
432,LAC,2016,-0.7397,1483.8667,0.0816,7.0,-185,165,not_tracked,2016-08-30T00:00:00.000000+00:00,0.0265,0.6324,0.3676,7.2603
433,LAR,2016,-0.7909,1482.4026,0.3069,7.5,175,-200,not_tracked,2016-08-30T00:00:00.000000+00:00,0.0303,0.3529,0.6471,7.2091
434,MIA,2016,-1.1197,1473.0078,0.3932,7.0,120,-140,not_tracked,2016-08-30T00:00:00.000000+00:00,0.0379,0.438,0.562,6.8803
435,MIN,2016,0.3987,1516.3902,0.3025,8.5,115,-135,not_tracked,2016-08-30T00:00:00.000000+00:00,0.0396,0.4474,0.5526,8.3987
436,NE,2016,2.5418,1577.6217,0.182,10.5,-120,100,not_tracked,2016-08-30T00:00:00.000000+00:00,0.0455,0.5217,0.4783,10.5418
437,NO,2016,-0.8803,1479.8493,0.3116,7.0,-140,120,not_tracked,2016-08-30T00:00:00.000000+00:00,0.0379,0.562,0.438,7.1197
438,NYG,2016,0.4582,1518.0926,0.015,8.5,100,-120,not_tracked,2016-08-30T00:00:00.000000+00:00,0.0455,0.4783,0.5217,8.4582
439,NYJ,2016,-0.2177,1498.779,0.4717,8.0,150,-170,not_tracked,2016-08-30T00:00:00.000000+00:00,0.0296,0.3885,0.6115,7.7823
440,OAK,2016,0.5,1519.2857,0.2458,8.5,-110,-110,not_tracked,2016-08-30T00:00:00.000000+00:00,0.0476,0.5,0.5,8.5
441,PHI,2016,-1.6546,1457.7262,0.3221,6.5,130,-150,not_tracked,2016-08-30T00:00:00.000000+00:00,0.0348,0.4202,0.5798,6.3454
442,PIT,2016,2.4177,1574.0783,0.1358,10.5,110,-130,not_tracked,2016-08-30T00:00:00.000000+00:00,0.0414,0.4573,0.5427,10.4177
443,SEA,2016,2.6375,1580.3559,-0.1255,10.5,-145,125,not_tracked,2016-08-30T00:00:00.000000+00:00,0.0363,0.5711,0.4289,10.6375
444,SF,2016,-2.5823,1431.2212,0.5372,5.5,110,-130,not_tracked,2016-08-30T00:00:00.000000+00:00,0.0414,0.4573,0.5427,5.4177
445,TB,2016,-0.8803,1479.8493,0.3179,7.0,-140,120,not_tracked,2016-08-30T00:00:00.000000+00:00,0.0379,0.562,0.438,7.1197
446,TEN,2016,-1.8454,1452.2738,0.1123,6.0,-150,130,not_tracked,2016-08-30T00:00:00.000000+00:00,0.0348,0.5798,0.4202,6.1546
447,WAS,2016,-0.4582,1491.9074,0.3525,7.5,-120,100,not_tracked,2016-08-30T00:00:00.000000+00:00,0.0455,0.5217,0.4783,7.5418
448,ARI,2017,0.6872,1524.6331,-0.195,8.5,-160,140,not_tracked,2017-08-30T00:00:00.000000+00:00,0.0321,0.5963,0.4037,8.6872
449,ATL,2017,1.5,1547.8571,0.135,9.5,-110,-110,not_tracked,2017-08-30T00:00:00.000000+00:00,0.0476,0.5,0.5,9.5
450,BAL,2017,0.3454,1514.8691,-0.018,8.5,130,-150,not_tracked,2017-08-30T00:00:00.000000+00:00,0.0348,0.4202,0.5798,8.3454
451,BUF,2017,-1.6546,1457.7262,0.1048,6.5,130,-150,not_tracked,2017-08-30T00:00:00.000000+00:00,0.0348,0.4202,0.5798,6.3454
452,CAR,2017,1.0418,1534.7646,-0.089,9.0,-120,100,not_tracked,2017-08-30T00:00:00.000000+00:00,0.0455,0.5217,0.4783,9.0418
453,CHI,2017,-2.5624,1431.7881,0.3335,5.5,105,-125,not_tracked,2017-08-30T00:00:00.000000+00:00,0.0434,0.4675,0.5325,5.4376
454,CIN,2017,0.3803,1515.865,-0.1622,8.5,120,-140,not_tracked,2017-08-30T00:00:00.000000+00:00,0.0379,0.438,0.562,8.3803
455,CLE,2017,-3.2723,1411.5061,0.091,4.5,-180,150,not_tracked,2017-08-30T00:00:00.000000+00:00,0.0429,0.6164,0.3836,4.7277
456,DAL,2017,1.3803,1544.4364,0.3797,9.5,120,-140,not_tracked,2017-08-30T00:00:00.000000+00:00,0.0379,0.438,0.562,9.3803
457,DEN,2017,-0.0418,1503.8068,0.2646,8.0,100,-120,not_tracked,2017-08-30T00:00:00.000000+00:00,0.0455,0.4783,0.5217,7.9582
458,DET,2017,-0.6197,1487.2935,0.3575,7.5,120,-140,not_tracked,2017-08-30T00:00:00.000000+00:00,0.0379,0.438,0.562,7.3803
459,GB,2017,2.3803,1573.0078,0.1195,10.5,120,-140,not_tracked,2017-08-30T00:00:00.000000+00:00,0.0379,0.438,0.562,10.3803
460,HOU,2017,0.4582,1518.0926,0.154,8.5,100,-120,not_tracked,2017-08-30T00:00:00.000000+00:00,0.0455,0.4783,0.5217,8.4582
461,IND,2017,-0.1546,1500.5834,-0.2192,8.0,130,-150,not_tracked,2017-08-30T00:00:00.000000+00:00,0.0348,0.4202,0.5798,7.8454
462,JAX,2017,-1.4376,1463.9262,0.0665,6.5,-125,105,not_tracked,2017-08-30T00:00:00.000000+00:00,0.0434,0.5325,0.4675,6.5624
463,KC,2017,1.0418,1534.7646,0.3502,9.0,-120,100,not_tracked,2017-08-30T00:00:00.000000+00:00,0.0455,0.5217,0.4783,9.0418
464,LAC,2017,-0.3128,1496.0617,-0.01,7.5,-160,140,not_tracked,2017-08-30T00:00:00.000000+00:00,0.0321,0.5963,0.4037,7.6872
465,LAR,2017,-2.1872,1442.5098,0.2792,6.0,140,-160,not_tracked,2017-08-30T00:00:00.000000+00:00,0.0321,0.4037,0.5963,5.8128
466,MIA,2017,-0.9177,1478.7788,0.1791,7.0,-130,110,not_tracked,2017-08-30T00:00:00.000000+00:00,0.0414,0.5427,0.4573,7.0823
467,MIN,2017,0.5823,1521.636,-0.0423,8.5,-130,110,not_tracked,2017-08-30T00:00:00.000000+00:00,0.0414,0.5427,0.4573,8.5823
468,NE,2017,4.4582,1632.3783,-0.3166,12.5,100,-120,not_tracked,2017-08-30T00:00:00.000000+00:00,0.0455,0.4783,0.5217,12.4582
469,NO,2017,-0.0418,1503.8068,0.1118,8.0,100,-120,not_tracked,2017-08-30T00:00:00.000000+00:00,0.0455,0.4783,0.5217,7.9582
470,NYG,2017,1.0823,1535.9217,0.1695,9.0,-130,110,not_tracked,2017-08-30T00:00:00.000000+00:00,0.0414,0.5427,0.4573,9.0823
471,NYJ,2017,-4.6375,1372.5012,0.2656,3.5,125,-145,not_tracked,2017-08-30T00:00:00.000000+00:00,0.0363,0.4289,0.5711,3.3625
472,OAK,2017,1.4582,1546.664,0.147,9.5,100,-120,not_tracked,2017-08-30T00:00:00.000000+00:00,0.0455,0.4783,0.5217,9.4582
473,PHI,2017,0.5418,1520.4789,0.468,8.5,-120,100,not_tracked,2017-08-30T00:00:00.000000+00:00,0.0455,0.5217,0.4783,8.5418
474,PIT,2017,2.6546,1580.8452,-0.0814,10.5,-150,130,not_tracked,2017-08-30T00:00:00.000000+00:00,0.0348,0.5798,0.4202,10.6546
475,SEA,2017,2.5823,1578.7788,-0.1845,10.5,-130,110,not_tracked,2017-08-30T00:00:00.000000+00:00,0.0414,0.5427,0.4573,10.5823
476,SF,2017,-3.0418,1418.0926,0.1809,5.0,100,-120,not_tracked,2017-08-30T00:00:00.000000+00:00,0.0455,0.4783,0.5217,4.9582
477,TB,2017,0.5418,1520.4789,0.2374,8.5,-120,100,not_tracked,2017-08-30T00:00:00.000000+00:00,0.0455,0.5217,0.4783,8.5418
478,TEN,2017,1.0,1533.5714,0.1067,9.0,-110,-110,not_tracked,2017-08-30T00:00:00.000000+00:00,0.0476,0.5,0.5,9.0
479,WAS,2017,-0.6197,1487.2935,0.4209,7.5,120,-140,not_tracked,2017-08-30T00:00:00.000000+00:00,0.0379,0.438,0.562,7.3803
480,ARI,2018,-1.9177,1450.2074,0.5028,6.0,-130,110,not_tracked,2018-08-30T00:00:00.000000+00:00,0.0414,0.5427,0.4573,6.0823
481,ATL,2018,1.5418,1549.0503,0.1113,9.5,-120,100,not_tracked,2018-08-30T00:00:00.000000+00:00,0.0455,0.5217,0.4783,9.5418
482,BAL,2018,0.5418,1520.4789,0.0188,8.5,-120,100,not_tracked,2018-08-30T00:00:00.000000+00:00,0.0455,0.5217,0.4783,8.5418
483,BUF,2018,-2.6197,1430.1507,0.3414,5.5,120,-140,not_tracked,2018-08-30T00:00:00.000000+00:00,0.0379,0.438,0.562,5.3803
484,CAR,2018,0.4177,1516.9355,0.179,8.5,110,-130,not_tracked,2018-08-30T00:00:00.000000+00:00,0.0414,0.4573,0.5427,8.4177
485,CHI,2018,-0.6013,1487.8188,0.2389,7.5,115,-135,not_tracked,2018-08-30T00:00:00.000000+00:00,0.0396,0.4474,0.5526,7.3987
486,CIN,2018,-0.8987,1479.3241,0.1423,7.0,-135,115,not_tracked,2018-08-30T00:00:00.000000+00:00,0.0396,0.5526,0.4474,7.1013
487,CLE,2018,-2.0418,1446.664,0.3164,6.0,100,-120,not_tracked,2018-08-30T00:00:00.000000+00:00,0.0455,0.4783,0.5217,5.9582
488,DAL,2018,0.3803,1515.865,0.2577,8.5,120,-140,not_tracked,2018-08-30T00:00:00.000000+00:00,0.0379,0.438,0.562,8.3803
489,DEN,2018,-0.7723,1482.9346,0.0745,7.0,-180,150,not_tracked,2018-08-30T00:00:00.000000+00:00,0.0429,0.6164,0.3836,7.2277
490,DET,2018,-0.5,1490.7143,0.3029,7.5,-110,-110,not_tracked,2018-08-30T00:00:00.000000+00:00,0.0476,0.5,0.5,7.5
491,GB,2018,2.0418,1563.336,-0.0257,10.0,-120,100,not_tracked,2018-08-30T00:00:00.000000+00:00,0.0455,0.5217,0.4783,10.0418
492,HOU,2018,0.6197,1522.7065,-0.2652,8.5,-140,120,not_tracked,2018-08-30T00:00:00.000000+00:00,0.0379,0.562,0.438,8.6197
493,IND,2018,-0.5823,1488.364,0.044,7.5,110,-130,not_tracked,2018-08-30T00:00:00.000000+00:00,0.0414,0.4573,0.5427,7.4177
494,JAX,2018,1.0823,1535.9217,0.0452,9.0,-130,110,not_tracked,2018-08-30T00:00:00.000000+00:00,0.0414,0.5427,0.4573,9.0823
495,KC,2018,0.3987,1516.3902,0.3831,8.5,115,-135,not_tracked,2018-08-30T00:00:00.000000+00:00,0.0396,0.4474,0.5526,8.3987
496,LAC,2018,1.5823,1550.2074,-0.0606,9.5,-130,110,not_tracked,2018-08-30T00:00:00.000000+00:00,0.0414,0.5427,0.4573,9.5823
497,LAR,2018,2.0823,1564.4931,0.4436,10.0,-130,110,not_tracked,2018-08-30T00:00:00.000000+00:00,0.0414,0.5427,0.4573,10.0823
498,MIA,2018,-1.3803,1465.5636,-0.0412,6.5,-140,120,not_tracked,2018-08-30T00:00:00.000000+00:00,0.0379,0.562,0.438,6.6197
499,MIN,2018,2.1197,1565.5636,0.1734,10.0,-140,120,not_tracked,2018-08-30T00:00:00.000000+00:00,0.0379,0.562,0.438,10.1197
500,NE,2018,3.0418,1591.9074,-0.0611,11.0,-120,100,not_tracked,2018-08-30T00:00:00.000000+00:00,0.0455,0.5217,0.4783,11.0418
501,NO,2018,1.6197,1551.2779,0.5628,9.5,-140,120,not_tracked,2018-08-30T00:00:00.000000+00:00,0.0379,0.562,0.438,9.6197
502,NYG,2018,-0.8803,1479.8493,0.4003,7.0,-140,120,not_tracked,2018-08-30T00:00:00.000000+00:00,0.0379,0.562,0.438,7.1197
503,NYJ,2018,-2.0823,1445.5069,-0.0344,6.0,110,-130,not_tracked,2018-08-30T00:00:00.000000+00:00,0.0414,0.4573,0.5427,5.9177
504,OAK,2018,-0.6197,1487.2935,0.0242,7.5,120,-140,not_tracked,2018-08-30T00:00:00.000000+00:00,0.0379,0.438,0.562,7.3803
505,PHI,2018,2.3454,1572.012,0.3016,10.5,130,-150,not_tracked,2018-08-30T00:00:00.000000+00:00,0.0348,0.4202,0.5798,10.3454
506,PIT,2018,2.3625,1572.5012,0.115,10.5,125,-145,not_tracked,2018-08-30T00:00:00.000000+00:00,0.0363,0.4289,0.5711,10.3625
507,SEA,2018,-0.5418,1489.5211,0.344,7.5,100,-120,not_tracked,2018-08-30T00:00:00.000000+00:00,0.0455,0.4783,0.5217,7.4582
508,SF,2018,0.3454,1514.8691,0.0225,8.5,130,-150,not_tracked,2018-08-30T00:00:00.000000+00:00,0.0348,0.4202,0.5798,8.3454
509,TB,2018,-1.6546,1457.7262,0.4871,6.5,130,-150,not_tracked,2018-08-30T00:00:00.000000+00:00,0.0348,0.4202,0.5798,6.3454
510,TEN,2018,0.0,1505.0,0.1407,8.0,-110,-110,not_tracked,2018-08-30T00:00:00.000000+00:00,0.0476,0.5,0.5,8.0
511,WAS,2018,-0.9177,1478.7788,0.4287,7.0,-130,110,not_tracked,2018-08-30T00:00:00.000000+00:00,0.0414,0.5427,0.4573,7.0823
512,ARI,2019,-2.9582,1420.4789,0.3589,5.0,-120,100,not_tracked,2019-08-30T00:00:00.000000+00:00,0.0455,0.5217,0.4783,5.0418
513,ATL,2019,0.6197,1522.7065,0.341,8.5,-140,120,not_tracked,2019-08-30T00:00:00.000000+00:00,0.0379,0.562,0.438,8.6197
514,BAL,2019,0.4177,1516.9355,0.1568,8.5,110,-130,not_tracked,2019-08-30T00:00:00.000000+00:00,0.0414,0.4573,0.5427,8.4177
515,BUF,2019,-0.8803,1479.8493,-0.1124,7.0,-140,120,not_tracked,2019-08-30T00:00:00.000000+00:00,0.0379,0.562,0.438,7.1197
516,CAR,2019,0.0823,1507.3502,0.1424,8.0,-130,110,not_tracked,2019-08-30T00:00:00.000000+00:00,0.0414,0.5427,0.4573,8.0823
517,CHI,2019,1.1197,1536.9922,0.416,9.0,-140,120,not_tracked,2019-08-30T00:00:00.000000+00:00,0.0379,0.562,0.438,9.1197
518,CIN,2019,-2.1546,1443.4405,0.1637,6.0,130,-150,not_tracked,2019-08-30T00:00:00.000000+00:00,0.0348,0.4202,0.5798,5.8454
519,CLE,2019,0.9582,1532.3783,-0.1522,9.0,100,-120,not_tracked,2019-08-30T00:00:00.000000+00:00,0.0455,0.4783,0.5217,8.9582
520,DAL,2019,1.0,1533.5714,0.0708,9.0,-110,-110,not_tracked,2019-08-30T00:00:00.000000+00:00,0.0476,0.5,0.5,9.0
521,DEN,2019,-0.9177,1478.7788,0.4028,7.0,-130,110,not_tracked,2019-08-30T00:00:00.000000+00:00,0.0414,0.5427,0.4573,7.0823
522,DET,2019,-1.3454,1466.5595,0.1512,6.5,-150,130,not_tracked,2019-08-30T00:00:00.000000+00:00,0.0348,0.5798,0.4202,6.6546
523,GB,2019,1.1197,1536.9922,0.1793,9.0,-140,120,not_tracked,2019-08-30T00:00:00.000000+00:00,0.0379,0.562,0.438,9.1197
524,HOU,2019,0.5208,1519.8801,0.4036,8.5,-115,-105,not_tracked,2019-08-30T00:00:00.000000+00:00,0.0471,0.5108,0.4892,8.5208
525,IND,2019,-0.5,1490.7143,0.1028,7.5,-110,-110,not_tracked,2019-08-30T00:00:00.000000+00:00,0.0476,0.5,0.5,7.5
526,JAX,2019,0.0,1505.0,0.0029,8.0,-110,-110,not_tracked,2019-08-30T00:00:00.000000+00:00,0.0476,0.5,0.5,8.0
527,KC,2019,2.5823,1578.7788,0.2003,10.5,-130,110,not_tracked,2019-08-30T00:00:00.000000+00:00,0.0414,0.5427,0.4573,10.5823
528,LAC,2019,1.8803,1558.7221,-0.0795,10.0,120,-140,not_tracked,2019-08-30T00:00:00.000000+00:00,0.0379,0.438,0.562,9.8803
529,LAR,2019,2.3625,1572.5012,0.0392,10.5,125,-145,not_tracked,2019-08-30T00:00:00.000000+00:00,0.0363,0.4289,0.5711,10.3625
530,MIA,2019,-3.5418,1403.8068,0.3318,4.5,100,-120,not_tracked,2019-08-30T00:00:00.000000+00:00,0.0455,0.4783,0.5217,4.4582
531,MIN,2019,1.0624,1535.3548,0.3392,9.0,-125,105,not_tracked,2019-08-30T00:00:00.000000+00:00,0.0434,0.5325,0.4675,9.0624
532,NE,2019,3.5,1605.0,-0.4219,11.5,-110,-110,not_tracked,2019-08-30T00:00:00.000000+00:00,0.0476,0.5,0.5,11.5
533,NO,2019,2.3454,1572.012,0.1159,10.5,130,-150,not_tracked,2019-08-30T00:00:00.000000+00:00,0.0348,0.4202,0.5798,10.3454
534,NYG,2019,-2.0624,1446.0738,-0.1193,6.0,105,-125,not_tracked,2019-08-30T00:00:00.000000+00:00,0.0434,0.4675,0.5325,5.9376
535,NYJ,2019,-0.4849,1490.7143,-0.2746,7.5,-110,-110,not_tracked,2019-08-30T00:00:00.000000+00:00,0.0476,0.5,0.5,7.5
536,OAK,2019,-2.208,1441.9132,0.3942,6.0,145,-170,not_tracked,2019-08-30T00:00:00.000000+00:00,0.0378,0.3933,0.6067,5.792
537,PHI,2019,2.1546,1566.5595,-0.197,10.0,-150,130,not_tracked,2019-08-30T00:00:00.000000+00:00,0.0348,0.5798,0.4202,10.1546
538,PIT,2019,1.5,1547.8571,-0.0688,9.5,-110,-110,not_tracked,2019-08-30T00:00:00.000000+00:00,0.0476,0.5,0.5,9.5
539,SEA,2019,0.9582,1532.3783,0.4338,9.0,100,-120,not_tracked,2019-08-30T00:00:00.000000+00:00,0.0455,0.4783,0.5217,8.9582
540,SF,2019,0.1197,1508.4208,0.3539,8.0,-140,120,not_tracked,2019-08-30T00:00:00.000000+00:00,0.0379,0.562,0.438,8.1197
541,TB,2019,-1.5,1462.1429,0.1919,6.5,-110,-110,not_tracked,2019-08-30T00:00:00.000000+00:00,0.0476,0.5,0.5,6.5
542,TEN,2019,-0.1197,1501.5792,0.5002,8.0,120,-140,not_tracked,2019-08-30T00:00:00.000000+00:00,0.0379,0.438,0.562,7.8803
543,WAS,2019,-2.1546,1443.4405,0.1835,6.0,130,-150,not_tracked,2019-08-30T00:00:00.000000+00:00,0.0348,0.4202,0.5798,5.8454
544,ARI,2020,-0.4806,1491.2695,0.1788,7.5,-120,-110,not_tracked,2020-08-30T00:00:00.000000+00:00,0.0693,0.5101,0.4899,7.5194
545,ATL,2020,-0.4412,1492.3955,0.5593,7.5,-130,100,not_tracked,2020-08-30T00:00:00.000000+00:00,0.0652,0.5306,0.4694,7.5588
546,BAL,2020,3.5,1605.0,0.099,11.5,-115,-115,not_tracked,2020-08-30T00:00:00.000000+00:00,0.0698,0.5,0.5,11.5
547,BUF,2020,1.0974,1536.3543,0.6824,9.0,-140,110,not_tracked,2020-08-30T00:00:00.000000+00:00,0.0595,0.5506,0.4494,9.0974
548,CAR,2020,-2.5194,1433.0162,0.4612,5.5,-110,-120,not_tracked,2020-08-30T00:00:00.000000+00:00,0.0693,0.4899,0.5101,5.4806
549,CHI,2020,0.3333,1514.5219,0.0726,8.5,130,-160,not_tracked,2020-08-30T00:00:00.000000+00:00,0.0502,0.414,0.586,8.3333
550,CIN,2020,-2.4806,1434.1267,0.3494,5.5,-120,-110,not_tracked,2020-08-30T00:00:00.000000+00:00,0.0693,0.5101,0.4899,5.5194
551,CLE,2020,0.5785,1521.5281,0.2783,8.5,-135,105,not_tracked,2020-08-30T00:00:00.000000+00:00,0.0623,0.5408,0.4592,8.5785
552,DAL,2020,1.5889,1550.3971,0.1237,9.5,-115,125,not_tracked,2020-08-30T00:00:00.000000+00:00,-0.0207,0.5462,0.4538,9.5889
553,DEN,2020,-0.4215,1492.9567,0.4979,7.5,-135,105,not_tracked,2020-08-30T00:00:00.000000+00:00,0.0623,0.5408,0.4592,7.5785
554,DET,2020,-1.4412,1463.8241,0.0214,6.5,-130,100,not_tracked,2020-08-30T00:00:00.000000+00:00,0.0652,0.5306,0.4694,6.5588
555,GB,2020,1.039,1534.6858,0.2532,9.0,-125,-105,not_tracked,2020-08-30T00:00:00.000000+00:00,0.0678,0.5203,0.4797,9.039
556,HOU,2020,-0.5194,1490.159,0.2903,7.5,-110,-120,not_tracked,2020-08-30T00:00:00.000000+00:00,0.0693,0.4899,0.5101,7.4806
557,IND,2020,1.039,1534.6858,-0.1984,9.0,-125,-105,not_tracked,2020-08-30T00:00:00.000000+00:00,0.0678,0.5203,0.4797,9.039
558,JAX,2020,-3.4806,1405.5552,0.2531,4.5,-120,-110,not_tracked,2020-08-30T00:00:00.000000+00:00,0.0693,0.5101,0.4899,4.5194
559,KC,2020,3.6156,1608.304,0.2213,11.5,-145,115,not_tracked,2020-08-30T00:00:00.000000+00:00,0.057,0.5599,0.4401,11.6156
560,LAC,2020,-0.4412,1492.3955,0.0064,7.5,-130,100,not_tracked,2020-08-30T00:00:00.000000+00:00,0.0652,0.5306,0.4694,7.5588
561,LAR,2020,0.461,1518.1714,0.5003,8.5,-105,-125,not_tracked,2020-08-30T00:00:00.000000+00:00,0.0678,0.4797,0.5203,8.461
562,MIA,2020,-1.5194,1461.5876,0.1338,6.5,-110,-120,not_tracked,2020-08-30T00:00:00.000000+00:00,0.0693,0.4899,0.5101,6.4806
563,MIN,2020,0.961,1532.4571,0.079,9.0,-105,-125,not_tracked,2020-08-30T00:00:00.000000+00:00,0.0678,0.4797,0.5203,8.961
564,NE,2020,0.9412,1531.8902,0.3851,9.0,100,-130,not_tracked,2020-08-30T00:00:00.000000+00:00,0.0652,0.4694,0.5306,8.9412
565,NO,2020,2.5,1576.4286,0.3549,10.5,-115,-115,not_tracked,2020-08-30T00:00:00.000000+00:00,0.0698,0.5,0.5,10.5
566,NYG,2020,-1.5588,1460.4617,0.6054,6.5,100,-130,not_tracked,2020-08-30T00:00:00.000000+00:00,0.0652,0.4694,0.5306,6.4412
567,NYJ,2020,-0.9026,1479.2114,0.5304,7.0,-140,110,not_tracked,2020-08-30T00:00:00.000000+00:00,0.0595,0.5506,0.4494,7.0974
568,OAK,2020,-0.539,1489.6,0.4923,7.5,-105,-125,not_tracked,2020-08-30T00:00:00.000000+00:00,0.0678,0.4797,0.5203,7.461
569,PHI,2020,1.539,1548.9715,0.3187,9.5,-125,-105,not_tracked,2020-08-30T00:00:00.000000+00:00,0.0678,0.5203,0.4797,9.539
570,PIT,2020,1.4026,1545.0743,0.0611,9.5,110,-140,not_tracked,2020-08-30T00:00:00.000000+00:00,0.0595,0.4494,0.5506,9.4026
571,SEA,2020,1.0974,1536.3543,0.2733,9.0,-140,110,not_tracked,2020-08-30T00:00:00.000000+00:00,0.0595,0.5506,0.4494,9.0974
572,SF,2020,2.539,1577.5429,0.2701,10.5,-125,-105,not_tracked,2020-08-30T00:00:00.000000+00:00,0.0678,0.5203,0.4797,10.539
573,TB,2020,1.5974,1550.64,0.2841,9.5,-140,110,not_tracked,2020-08-30T00:00:00.000000+00:00,0.0595,0.5506,0.4494,9.5974
574,TEN,2020,0.539,1520.4,0.1263,8.5,-125,-105,not_tracked,2020-08-30T00:00:00.000000+00:00,0.0678,0.5203,0.4797,8.539
575,WAS,2020,-2.5588,1431.8902,0.4348,5.5,100,-130,not_tracked,2020-08-30T00:00:00.000000+00:00,0.0652,0.4694,0.5306,5.4412
576,ARI,2021,0.1197,1508.4208,0.9257,8.0,-140,120,not_tracked,2021-08-30T00:00:00.000000+00:00,0.0379,0.562,0.438,8.1197
577,ATL,2021,-0.9792,1477.0229,0.4672,7.0,-115,-105,not_tracked,2021-08-30T00:00:00.000000+00:00,0.0471,0.5108,0.4892,7.0208
578,BAL,2021,2.9792,1590.1199,0.7499,11.0,-105,-115,not_tracked,2021-08-30T00:00:00.000000+00:00,0.0471,0.4892,0.5108,10.9792
579,BUF,2021,2.5823,1578.7788,0.6481,10.5,-130,110,not_tracked,2021-08-30T00:00:00.000000+00:00,0.0414,0.5427,0.4573,10.5823
580,CAR,2021,-0.5823,1488.364,0.4376,7.5,110,-130,not_tracked,2021-08-30T00:00:00.000000+00:00,0.0414,0.4573,0.5427,7.4177
581,CHI,2021,-0.5624,1488.9309,0.8512,7.5,105,-125,not_tracked,2021-08-30T00:00:00.000000+00:00,0.0434,0.4675,0.5325,7.4376
582,CIN,2021,-1.5208,1461.5485,1.0625,6.5,-105,-115,not_tracked,2021-08-30T00:00:00.000000+00:00,0.0471,0.4892,0.5108,6.4792
583,CLE,2021,2.0208,1562.7372,0.4251,10.0,-115,-105,not_tracked,2021-08-30T00:00:00.000000+00:00,0.0471,0.5108,0.4892,10.0208
584,DAL,2021,1.4177,1545.5069,0.405,9.5,110,-130,not_tracked,2021-08-30T00:00:00.000000+00:00,0.0414,0.4573,0.5427,9.4177
585,DEN,2021,-0.5624,1488.9309,0.4011,7.5,105,-125,not_tracked,2021-08-30T00:00:00.000000+00:00,0.0434,0.4675,0.5325,7.4376
586,DET,2021,-2.9177,1421.636,0.8364,5.0,-130,110,not_tracked,2021-08-30T00:00:00.000000+00:00,0.0414,0.5427,0.4573,5.0823
587,GB,2021,2.9376,1588.9309,0.7041,11.0,105,-125,not_tracked,2021-08-30T00:00:00.000000+00:00,0.0434,0.4675,0.5325,10.9376
588,HOU,2021,-3.0823,1416.9355,0.8697,5.0,110,-130,not_tracked,2021-08-30T00:00:00.000000+00:00,0.0414,0.4573,0.5427,4.9177
589,IND,2021,2.0,1562.1429,0.5047,10.0,-110,-110,not_tracked,2021-08-30T00:00:00.000000+00:00,0.0476,0.5,0.5,10.0
590,JAX,2021,-1.9348,1449.7193,0.4148,6.0,-120,110,not_tracked,2021-08-30T00:00:00.000000+00:00,0.0216,0.5339,0.4661,6.0652
591,KC,2021,4.0823,1621.636,0.6618,12.0,-130,110,not_tracked,2021-08-30T00:00:00.000000+00:00,0.0414,0.5427,0.4573,12.0823
592,LAC,2021,0.9376,1531.7881,0.5347,9.0,105,-125,not_tracked,2021-08-30T00:00:00.000000+00:00,0.0434,0.4675,0.5325,8.9376
593,LAR,2021,2.4376,1574.6452,0.7784,10.5,105,-125,not_tracked,2021-08-30T00:00:00.000000+00:00,0.0434,0.4675,0.5325,10.4376
594,MIA,2021,1.1013,1536.4669,0.4123,9.0,-135,115,not_tracked,2021-08-30T00:00:00.000000+00:00,0.0396,0.5526,0.4474,9.1013
595,MIN,2021,0.5208,1519.8801,0.6894,8.5,-115,-105,not_tracked,2021-08-30T00:00:00.000000+00:00,0.0471,0.5108,0.4892,8.5208
596,NE,2021,1.0624,1535.3548,0.676,9.0,-125,105,not_tracked,2021-08-30T00:00:00.000000+00:00,0.0434,0.5325,0.4675,9.0624
597,NO,2021,1.3803,1544.4364,0.7205,9.5,120,-140,not_tracked,2021-08-30T00:00:00.000000+00:00,0.0379,0.438,0.562,9.3803
598,NYG,2021,-1.0,1476.4286,0.6635,7.0,-110,-110,not_tracked,2021-08-30T00:00:00.000000+00:00,0.0476,0.5,0.5,7.0
599,NYJ,2021,-1.9177,1450.2074,0.472,6.0,-130,110,not_tracked,2021-08-30T00:00:00.000000+00:00,0.0414,0.5427,0.4573,6.0823
600,OAK,2021,-0.1013,1502.1045,0.7602,8.0,115,-135,not_tracked,2021-08-30T00:00:00.000000+00:00,0.0396,0.4474,0.5526,7.8987
601,PHI,2021,-1.0624,1474.6452,0.5094,7.0,105,-125,not_tracked,2021-08-30T00:00:00.000000+00:00,0.0434,0.4675,0.5325,6.9376
602,PIT,2021,0.9376,1531.7881,1.184,9.0,105,-125,not_tracked,2021-08-30T00:00:00.000000+00:00,0.0434,0.4675,0.5325,8.9376
603,SEA,2021,1.9376,1560.3595,0.59,10.0,105,-125,not_tracked,2021-08-30T00:00:00.000000+00:00,0.0434,0.4675,0.5325,9.9376
604,SF,2021,2.1197,1565.5636,0.53,10.0,-140,120,not_tracked,2021-08-30T00:00:00.000000+00:00,0.0379,0.562,0.438,10.1197
605,TB,2021,3.4582,1603.8068,0.3711,11.5,100,-120,not_tracked,2021-08-30T00:00:00.000000+00:00,0.0455,0.4783,0.5217,11.4582
606,TEN,2021,1.4177,1545.5069,0.4604,9.5,110,-130,not_tracked,2021-08-30T00:00:00.000000+00:00,0.0414,0.4573,0.5427,9.4177
607,WAS,2021,-0.0208,1504.4056,0.8118,8.0,-105,-115,not_tracked,2021-08-30T00:00:00.000000+00:00,0.0471,0.4892,0.5108,7.9792
608,ARI,2022,0.8803,1530.1507,0.8382,9.0,120,-140,not_tracked,2022-08-30T00:00:00.000000+00:00,0.0379,0.438,0.562,8.8803
609,ATL,2022,-3.1375,1415.3583,0.675,5.0,125,-145,not_tracked,2022-08-30T00:00:00.000000+00:00,0.0363,0.4289,0.5711,4.8625
610,BAL,2022,1.6375,1551.7845,0.4065,9.5,-145,125,not_tracked,2022-08-30T00:00:00.000000+00:00,0.0363,0.5711,0.4289,9.6375
611,BUF,2022,3.6197,1608.4208,0.5306,11.5,-140,120,not_tracked,2022-08-30T00:00:00.000000+00:00,0.0379,0.562,0.438,11.6197
612,CAR,2022,-1.5418,1460.9497,0.4388,6.5,100,-120,not_tracked,2022-08-30T00:00:00.000000+00:00,0.0455,0.4783,0.5217,6.4582
613,CHI,2022,-1.6546,1457.7262,0.2862,6.5,130,-150,not_tracked,2022-08-30T00:00:00.000000+00:00,0.0348,0.4202,0.5798,6.3454
614,CIN,2022,1.6013,1550.7527,0.8881,9.5,-135,115,not_tracked,2022-08-30T00:00:00.000000+00:00,0.0396,0.5526,0.4474,9.6013
615,CLE,2022,1.4177,1545.5069,0.2871,9.5,110,-130,not_tracked,2022-08-30T00:00:00.000000+00:00,0.0414,0.4573,0.5427,9.4177
616,DAL,2022,2.3625,1572.5012,0.6106,10.5,125,-145,not_tracked,2022-08-30T00:00:00.000000+00:00,0.0363,0.4289,0.5711,10.3625
617,DEN,2022,2.0,1562.1429,0.5507,10.0,-110,-110,not_tracked,2022-08-30T00:00:00.000000+00:00,0.0476,0.5,0.5,10.0
618,DET,2022,-1.8128,1453.2045,0.2726,6.0,-160,140,not_tracked,2022-08-30T00:00:00.000000+00:00,0.0321,0.5963,0.4037,6.1872
619,GB,2022,3.0,1590.7143,0.4431,11.0,-110,-110,not_tracked,2022-08-30T00:00:00.000000+00:00,0.0476,0.5,0.5,11.0
620,HOU,2022,-3.5418,1403.8068,0.7543,4.5,100,-120,not_tracked,2022-08-30T00:00:00.000000+00:00,0.0455,0.4783,0.5217,4.4582
621,IND,2022,1.6375,1551.7845,0.1899,9.5,-145,125,not_tracked,2022-08-30T00:00:00.000000+00:00,0.0363,0.5711,0.4289,9.6375
622,JAX,2022,-1.6013,1459.2473,0.5647,6.5,115,-135,not_tracked,2022-08-30T00:00:00.000000+00:00,0.0396,0.4474,0.5526,6.3987
623,KC,2022,2.5208,1577.0229,1.038,10.5,-115,-105,not_tracked,2022-08-30T00:00:00.000000+00:00,0.0471,0.5108,0.4892,10.5208
624,LAC,2022,2.0823,1564.4931,0.4811,10.0,-130,110,not_tracked,2022-08-30T00:00:00.000000+00:00,0.0414,0.5427,0.4573,10.0823
625,LAR,2022,2.5,1576.4286,0.9817,10.5,-110,-110,not_tracked,2022-08-30T00:00:00.000000+00:00,0.0476,0.5,0.5,10.5
626,MIA,2022,0.6013,1522.1812,0.7081,8.5,-135,115,not_tracked,2022-08-30T00:00:00.000000+00:00,0.0396,0.5526,0.4474,8.6013
627,MIN,2022,1.1013,1536.4669,0.3152,9.0,-135,115,not_tracked,2022-08-30T00:00:00.000000+00:00,0.0396,0.5526,0.4474,9.1013
628,NE,2022,0.5823,1521.636,0.6896,8.5,-130,110,not_tracked,2022-08-30T00:00:00.000000+00:00,0.0414,0.5427,0.4573,8.5823
629,NO,2022,0.1872,1510.3474,0.4812,8.0,-160,140,not_tracked,2022-08-30T00:00:00.000000+00:00,0.0321,0.5963,0.4037,8.1872
630,NYG,2022,-1.0624,1474.6452,0.3289,7.0,105,-125,not_tracked,2022-08-30T00:00:00.000000+00:00,0.0434,0.4675,0.5325,6.9376
631,NYJ,2022,-2.2772,1439.9383,0.7446,5.5,-175,150,not_tracked,2022-08-30T00:00:00.000000+00:00,0.0364,0.614,0.386,5.7228
632,OAK,2022,0.5823,1521.636,0.8584,8.5,-130,110,not_tracked,2022-08-30T00:00:00.000000+00:00,0.0414,0.5427,0.4573,8.5823
633,PHI,2022,1.6197,1551.2779,0.2061,9.5,-140,120,not_tracked,2022-08-30T00:00:00.000000+00:00,0.0379,0.562,0.438,9.6197
634,PIT,2022,-0.5551,1489.1409,0.8591,7.5,-105,-135,not_tracked,2022-08-30T00:00:00.000000+00:00,0.0867,0.4713,0.5287,7.4449
635,SEA,2022,-2.0823,1445.5069,0.7622,6.0,110,-130,not_tracked,2022-08-30T00:00:00.000000+00:00,0.0414,0.4573,0.5427,5.9177
636,SF,2022,2.0,1562.1429,0.4537,10.0,-110,-110,not_tracked,2022-08-30T00:00:00.000000+00:00,0.0476,0.5,0.5,10.0
637,TB,2022,3.4177,1602.6498,0.4812,11.5,110,-130,not_tracked,2022-08-30T00:00:00.000000+00:00,0.0414,0.4573,0.5427,11.4177
638,TEN,2022,1.3803,1544.4364,0.6374,9.5,120,-140,not_tracked,2022-08-30T00:00:00.000000+00:00,0.0379,0.438,0.562,9.3803
639,WAS,2022,-0.4792,1491.3086,0.2723,7.5,-115,-105,not_tracked,2022-08-30T00:00:00.000000+00:00,0.0471,0.5108,0.4892,7.5208
640,ARI,2023,-3.4792,1405.5944,0.8275,4.5,-115,-105,not_tracked,2023-08-30T00:00:00.000000+00:00,0.0471,0.5108,0.4892,4.5208
641,ATL,2023,0.5823,1521.636,-0.3004,8.5,-130,110,not_tracked,2023-08-30T00:00:00.000000+00:00,0.0414,0.5427,0.4573,8.5823
642,BAL,2023,2.4317,1574.4758,0.8061,10.5,104,-130,not_tracked,2023-08-30T00:00:00.000000+00:00,0.0554,0.4645,0.5355,10.4317
643,BUF,2023,2.5604,1578.1534,1.1404,10.5,-128,102,not_tracked,2023-08-30T00:00:00.000000+00:00,0.0565,0.5314,0.4686,10.5604
644,CAR,2023,-0.4582,1491.9074,0.2681,7.5,-120,100,not_tracked,2023-08-30T00:00:00.000000+00:00,0.0455,0.5217,0.4783,7.5418
645,CHI,2023,-0.4376,1492.4977,0.2789,7.5,-125,105,not_tracked,2023-08-30T00:00:00.000000+00:00,0.0434,0.5325,0.4675,7.5624
646,CIN,2023,3.4376,1603.2166,0.7895,11.5,105,-125,not_tracked,2023-08-30T00:00:00.000000+00:00,0.0434,0.4675,0.5325,11.4376
647,CLE,2023,1.3625,1543.9298,0.601,9.5,125,-145,not_tracked,2023-08-30T00:00:00.000000+00:00,0.0363,0.4289,0.5711,9.3625
648,DAL,2023,1.708,1553.8011,0.4887,9.5,-170,145,not_tracked,2023-08-30T00:00:00.000000+00:00,0.0378,0.6067,0.3933,9.708
649,DEN,2023,0.5208,1519.8801,0.7977,8.5,-115,-105,not_tracked,2023-08-30T00:00:00.000000+00:00,0.0471,0.5108,0.4892,8.5208
650,DET,2023,1.6013,1550.7527,0.4456,9.5,-135,115,not_tracked,2023-08-30T00:00:00.000000+00:00,0.0396,0.5526,0.4474,9.6013
651,GB,2023,-0.4582,1491.9074,0.6189,7.5,-120,100,not_tracked,2023-08-30T00:00:00.000000+00:00,0.0455,0.5217,0.4783,7.5418
652,HOU,2023,-1.6197,1458.7221,0.5545,6.5,120,-140,not_tracked,2023-08-30T00:00:00.000000+00:00,0.0379,0.438,0.562,6.3803
653,IND,2023,-1.4376,1463.9262,0.2868,6.5,-125,105,not_tracked,2023-08-30T00:00:00.000000+00:00,0.0434,0.5325,0.4675,6.5624
654,JAX,2023,2.0,1562.1429,0.5712,10.0,-110,-110,not_tracked,2023-08-30T00:00:00.000000+00:00,0.0476,0.5,0.5,10.0
655,KC,2023,3.6375,1608.9274,1.2907,11.5,-145,125,not_tracked,2023-08-30T00:00:00.000000+00:00,0.0363,0.5711,0.4289,11.6375
656,LAC,2023,1.5823,1550.2074,0.9866,9.5,-130,110,not_tracked,2023-08-30T00:00:00.000000+00:00,0.0414,0.5427,0.4573,9.5823
657,LAR,2023,-1.5418,1460.9497,0.7085,6.5,100,-120,not_tracked,2023-08-30T00:00:00.000000+00:00,0.0455,0.4783,0.5217,6.4582
658,MIA,2023,1.5,1547.8571,1.1301,9.5,-110,-110,not_tracked,2023-08-30T00:00:00.000000+00:00,0.0476,0.5,0.5,9.5
659,MIN,2023,0.6197,1522.7065,0.9278,8.5,-140,120,not_tracked,2023-08-30T00:00:00.000000+00:00,0.0379,0.562,0.438,8.6197
660,NE,2023,-0.5418,1489.5211,1.1976,7.5,100,-120,not_tracked,2023-08-30T00:00:00.000000+00:00,0.0455,0.4783,0.5217,7.4582
661,NO,2023,1.3803,1544.4364,-0.3464,9.5,120,-140,not_tracked,2023-08-30T00:00:00.000000+00:00,0.0379,0.438,0.562,9.3803
662,NYG,2023,-0.5,1490.7143,0.6526,7.5,-110,-110,not_tracked,2023-08-30T00:00:00.000000+00:00,0.0476,0.5,0.5,7.5
663,NYJ,2023,1.6013,1550.7527,0.908,9.5,-135,115,not_tracked,2023-08-30T00:00:00.000000+00:00,0.0396,0.5526,0.4474,9.6013
664,OAK,2023,-0.7738,1482.8927,1.0006,7.5,170,-190,not_tracked,2023-08-30T00:00:00.000000+00:00,0.0255,0.3611,0.6389,7.2262
665,PHI,2023,3.4177,1602.6498,0.2293,11.5,110,-130,not_tracked,2023-08-30T00:00:00.000000+00:00,0.0414,0.4573,0.5427,11.4177
666,PIT,2023,1.0208,1534.1658,0.6791,9.0,-115,-105,not_tracked,2023-08-30T00:00:00.000000+00:00,0.0471,0.5108,0.4892,9.0208
667,SEA,2023,0.9792,1532.9771,0.4228,9.0,-105,-115,not_tracked,2023-08-30T00:00:00.000000+00:00,0.0471,0.4892,0.5108,8.9792
668,SF,2023,2.6546,1580.8452,0.4528,10.5,-150,130,not_tracked,2023-08-30T00:00:00.000000+00:00,0.0348,0.5798,0.4202,10.6546
669,TB,2023,-1.6197,1458.7221,0.8603,6.5,120,-140,not_tracked,2023-08-30T00:00:00.000000+00:00,0.0379,0.438,0.562,6.3803
670,TEN,2023,-0.5823,1488.364,0.5932,7.5,110,-130,not_tracked,2023-08-30T00:00:00.000000+00:00,0.0414,0.4573,0.5427,7.4177
671,WAS,2023,-1.5194,1461.5876,0.8029,6.5,-110,-120,not_tracked,2023-08-30T00:00:00.000000+00:00,0.0693,0.4899,0.5101,6.4806
672,ARI,2024,-1.3832,1465.479,0.5453,6.5,-141,118,not_tracked,2024-08-30T00:00:00.000000+00:00,0.0438,0.5605,0.4395,6.6168
673,ATL,2024,1.6275,1551.4997,-0.401,9.5,-144,121,not_tracked,2024-08-30T00:00:00.000000+00:00,0.0427,0.566,0.434,9.6275
674,BAL,2024,3.187,1596.0585,0.7253,11.5,180,-218,not_tracked,2024-08-30T00:00:00.000000+00:00,0.0427,0.3425,0.6575,11.187
675,BUF,2024,2.2752,1570.0048,0.8286,10.5,149,-179,not_tracked,2024-08-30T00:00:00.000000+00:00,0.0432,0.385,0.615,10.2752
676,CAR,2024,-3.1101,1416.1403,0.3742,4.5,-260,212,not_tracked,2024-08-30T00:00:00.000000+00:00,0.0427,0.6926,0.3074,4.8899
677,CHI,2024,0.7372,1526.0622,0.034,8.5,-184,153,not_tracked,2024-08-30T00:00:00.000000+00:00,0.0431,0.6211,0.3789,8.7372
678,CIN,2024,2.392,1573.342,0.0678,10.5,116,-138,not_tracked,2024-08-30T00:00:00.000000+00:00,0.0428,0.444,0.556,10.392
679,CLE,2024,0.7219,1525.6267,0.8369,8.5,-178,148,not_tracked,2024-08-30T00:00:00.000000+00:00,0.0435,0.6136,0.3864,8.7219
680,DAL,2024,2.3238,1571.3956,0.6249,10.5,134,-161,not_tracked,2024-08-30T00:00:00.000000+00:00,0.0442,0.4093,0.5907,10.3238
681,DEN,2024,-2.3285,1438.4712,0.7435,5.5,-157,134,not_tracked,2024-08-30T00:00:00.000000+00:00,0.0382,0.5884,0.4116,5.6715
682,DET,2024,2.5085,1576.6728,0.4659,10.5,-110,-106,not_tracked,2024-08-30T00:00:00.000000+00:00,0.0384,0.5045,0.4955,10.5085
683,GB,2024,1.5744,1549.9833,0.7405,9.5,-128,108,not_tracked,2024-08-30T00:00:00.000000+00:00,0.0422,0.5387,0.4613,9.5744
684,HOU,2024,1.5525,1549.357,0.9017,9.5,-122,103,not_tracked,2024-08-30T00:00:00.000000+00:00,0.0422,0.5273,0.4727,9.5525
685,IND,2024,0.3782,1515.807,0.1345,8.5,119,-143,not_tracked,2024-08-30T00:00:00.000000+00:00,0.0451,0.4369,0.5631,8.3782
686,JAX,2024,0.4874,1518.9244,0.4814,8.5,-106,-112,not_tracked,2024-08-30T00:00:00.000000+00:00,0.0429,0.4934,0.5066,8.4874
687,KC,2024,3.4233,1602.8081,0.5801,11.5,109,-128,not_tracked,2024-08-30T00:00:00.000000+00:00,0.0399,0.4601,0.5399,11.4233
688,LAC,2024,0.611,1522.4567,-0.0758,8.5,-137,118,not_tracked,2024-08-30T00:00:00.000000+00:00,0.0368,0.5576,0.4424,8.611
689,LAR,2024,0.6718,1524.1941,0.5822,8.5,-159,133,not_tracked,2024-08-30T00:00:00.000000+00:00,0.0431,0.5885,0.4115,8.6718
690,MIA,2024,1.693,1553.3701,0.3042,9.5,-167,139,not_tracked,2024-08-30T00:00:00.000000+00:00,0.0439,0.5992,0.4008,9.693
691,MIN,2024,-1.3712,1465.8243,0.8445,6.5,-145,121,not_tracked,2024-08-30T00:00:00.000000+00:00,0.0443,0.5667,0.4333,6.6288
692,NE,2024,-3.3883,1408.1914,1.0728,4.5,-139,117,not_tracked,2024-08-30T00:00:00.000000+00:00,0.0424,0.5579,0.4421,4.6117
693,NO,2024,-0.58,1488.4295,0.1485,7.5,109,-130,not_tracked,2024-08-30T00:00:00.000000+00:00,0.0437,0.4584,0.5416,7.42
694,NYG,2024,-1.6247,1458.5792,0.5704,6.5,121,-142,not_tracked,2024-08-30T00:00:00.000000+00:00,0.0393,0.4354,0.5646,6.3753
695,NYJ,2024,1.675,1552.8574,0.0235,9.5,-160,134,not_tracked,2024-08-30T00:00:00.000000+00:00,0.0427,0.5902,0.4098,9.675
696,OAK,2024,-1.4595,1463.2992,0.6167,6.5,-118,101,not_tracked,2024-08-30T00:00:00.000000+00:00,0.0388,0.5211,0.4789,6.5405
697,PHI,2024,2.6275,1580.0712,0.4449,10.5,-144,121,not_tracked,2024-08-30T00:00:00.000000+00:00,0.0427,0.566,0.434,10.6275
698,PIT,2024,-0.2724,1497.2171,1.1935,7.5,-184,148,not_tracked,2024-08-30T00:00:00.000000+00:00,0.0511,0.6164,0.3836,7.7276
699,SEA,2024,-0.3144,1496.0184,0.5214,7.5,-164,137,not_tracked,2024-08-30T00:00:00.000000+00:00,0.0432,0.5955,0.4045,7.6856
700,SF,2024,3.4546,1603.7043,0.5678,11.5,100,-122,not_tracked,2024-08-30T00:00:00.000000+00:00,0.0495,0.4764,0.5236,11.4546
701,TB,2024,0.2536,1512.2444,0.3044,8.5,156,-188,not_tracked,2024-08-30T00:00:00.000000+00:00,0.0434,0.3744,0.6256,8.2536
702,TEN,2024,-1.6358,1458.2616,0.7049,6.5,123,-147,not_tracked,2024-08-30T00:00:00.000000+00:00,0.0436,0.4297,0.5703,6.3642
703,WAS,2024,-1.559,1460.4582,0.699,6.5,105,-123,not_tracked,2024-08-30T00:00:00.000000+00:00,0.0394,0.4693,0.5307,6.441
704,ARI,2025,0.6087,1522.3912,0.4446,8.5,-140,115,draftkings,2025-09-01T06:32:07.429730+00:00,0.0484,0.5564,0.4436,8.6087
705,ATL,2025,-0.3913,1493.8198,0.2104,7.5,-140,115,draftkings,2025-09-01T06:32:07.429730+00:00,0.0484,0.5564,0.4436,7.6087
706,BAL,2025,3.5624,1606.7834,0.6769,11.5,-125,105,draftkings,2025-09-01T06:32:07.429730+00:00,0.0434,0.5325,0.4675,11.5624
707,BUF,2025,4.356,1629.4562,0.1278,12.5,125,-150,draftkings,2025-09-01T06:32:07.429730+00:00,0.0444,0.4255,0.5745,12.356
708,CAR,2025,-1.4177,1464.4931,0.3559,6.5,-130,110,draftkings,2025-09-01T06:32:07.429730+00:00,0.0414,0.5427,0.4573,6.5823
709,CHI,2025,-0.3913,1493.8198,0.7953,7.5,-140,115,draftkings,2025-09-01T06:32:07.429730+00:00,0.0484,0.5564,0.4436,7.6087
710,CIN,2025,1.4792,1547.2628,0.6465,9.5,-105,-115,draftkings,2025-09-01T06:32:07.429730+00:00,0.0471,0.4892,0.5108,9.4792
711,CLE,2025,-3.3733,1408.6192,1.0823,4.5,-145,120,draftkings,2025-09-01T06:32:07.429730+00:00,0.0464,0.5656,0.4344,4.6267
712,DAL,2025,-0.5418,1489.5211,0.6589,7.5,100,-120,draftkings,2025-09-01T06:32:07.429730+00:00,0.0455,0.4783,0.5217,7.4582
713,DEN,2025,1.6087,1550.9627,0.5508,9.5,-140,115,draftkings,2025-09-01T06:32:07.429730+00:00,0.0484,0.5564,0.4436,9.6087
714,DET,2025,1.5624,1549.6405,0.9943,9.5,-125,105,draftkings,2025-09-01T06:32:07.429730+00:00,0.0434,0.5325,0.4675,9.5624
715,GB,2025,2.4376,1574.6452,0.4986,10.5,105,-125,draftkings,2025-09-01T06:32:07.429730+00:00,0.0434,0.4675,0.5325,10.4376
716,HOU,2025,1.4177,1545.5069,0.8379,9.5,110,-130,draftkings,2025-09-01T06:32:07.429730+00:00,0.0414,0.4573,0.5427,9.4177
717,IND,2025,-0.5823,1488.364,0.5123,7.5,110,-130,draftkings,2025-09-01T06:32:07.429730+00:00,0.0414,0.4573,0.5427,7.4177
718,JAX,2025,-0.4376,1492.4977,0.6423,7.5,-125,105,draftkings,2025-09-01T06:32:07.429730+00:00,0.0434,0.5325,0.4675,7.5624
719,KC,2025,3.4177,1602.6498,0.761,11.5,110,-130,draftkings,2025-09-01T06:32:07.429730+00:00,0.0414,0.4573,0.5427,11.4177
720,LAC,2025,1.4792,1547.2628,0.5148,9.5,-105,-115,draftkings,2025-09-01T06:32:07.429730+00:00,0.0471,0.4892,0.5108,9.4792
721,LAR,2025,1.6267,1551.4764,0.4721,9.5,-145,120,draftkings,2025-09-01T06:32:07.429730+00:00,0.0464,0.5656,0.4344,9.6267
722,MIA,2025,-0.5208,1490.1199,0.4358,7.5,-105,-115,draftkings,2025-09-01T06:32:07.429730+00:00,0.0471,0.4892,0.5108,7.4792
723,MIN,2025,1.3913,1544.7516,0.718,9.5,115,-140,draftkings,2025-09-01T06:32:07.429730+00:00,0.0484,0.4436,0.5564,9.3913
724,NE,2025,0.5,1519.2857,-0.0498,8.5,-110,-110,draftkings,2025-09-01T06:32:07.429730+00:00,0.0476,0.5,0.5,8.5
725,NO,2025,-3.41,1407.5729,0.173,4.5,-135,110,draftkings,2025-09-01T06:32:07.429730+00:00,0.0507,0.5468,0.4532,4.59
726,NYG,2025,-2.3913,1436.6769,0.992,5.5,-140,115,draftkings,2025-09-01T06:32:07.429730+00:00,0.0484,0.5564,0.4436,5.6087
727,NYJ,2025,-1.6267,1458.5236,0.4619,6.5,120,-145,draftkings,2025-09-01T06:32:07.429730+00:00,0.0464,0.4344,0.5656,6.3733
728,OAK,2025,-1.3733,1465.7621,0.5749,6.5,-145,120,draftkings,2025-09-01T06:32:07.429730+00:00,0.0464,0.5656,0.4344,6.6267
729,PHI,2025,2.644,1580.5438,0.9571,10.5,-150,125,draftkings,2025-09-01T06:32:07.429730+00:00,0.0444,0.5745,0.4255,10.644
730,PIT,2025,0.5624,1521.0691,0.7677,8.5,-125,105,draftkings,2025-09-01T06:32:07.429730+00:00,0.0434,0.5325,0.4675,8.5624
731,SEA,2025,0.4582,1518.0926,0.4669,8.5,100,-120,draftkings,2025-09-01T06:32:07.429730+00:00,0.0455,0.4783,0.5217,8.4582
732,SF,2025,2.4376,1574.6452,-0.1659,10.5,105,-125,draftkings,2025-09-01T06:32:07.429730+00:00,0.0434,0.4675,0.5325,10.4376
733,TB,2025,1.5418,1549.0503,0.178,9.5,-120,100,draftkings,2025-09-01T06:32:07.429730+00:00,0.0455,0.5217,0.4783,9.5418
734,TEN,2025,-1.5823,1459.7926,0.2809,6.5,110,-130,draftkings,2025-09-01T06:32:07.429730+00:00,0.0414,0.4573,0.5427,6.4177
735,WAS,2025,1.5,1547.8571,0.5353,9.5,-110,-110,draftkings,2025-09-01T06:32:07.429730+00:00,0.0476,0.5,0.5,9.5
