,season,team,line,over_odds,under_odds,source,source_date
0,2003,ARI,5,125,-155,not_tracked,2003-08-30T00:00:00.000000+00:00
1,2003,ATL,9.5,-115,-115,not_tracked,2003-08-30T00:00:00.000000+00:00
2,2003,BAL,7.5,-160,130,not_tracked,2003-08-30T00:00:00.000000+00:00
3,2003,BUF,8.5,-130,100,not_tracked,2003-08-30T00:00:00.000000+00:00
4,2003,CAR,7.5,-115,-115,not_tracked,2003-08-30T00:00:00.000000+00:00
5,2003,CHI,7.5,130,-160,not_tracked,2003-08-30T00:00:00.000000+00:00
6,2003,CIN,5.5,-130,100,not_tracked,2003-08-30T00:00:00.000000+00:00
7,2003,CLE,8.5,100,-130,not_tracked,2003-08-30T00:00:00.000000+00:00
8,2003,DAL,7.5,130,-160,not_tracked,2003-08-30T00:00:00.000000+00:00
9,2003,DEN,9.5,-120,-110,not_tracked,2003-08-30T00:00:00.000000+00:00
10,2003,DET,6,-140,110,not_tracked,2003-08-30T00:00:00.000000+00:00
11,2003,GB,10,130,-160,not_tracked,2003-08-30T00:00:00.000000+00:00
12,2003,HOU,5,-130,100,not_tracked,2003-08-30T00:00:00.000000+00:00
13,2003,IND,8.5,-115,-115,not_tracked,2003-08-30T00:00:00.000000+00:00
14,2003,JAX,7,100,-130,not_tracked,2003-08-30T00:00:00.000000+00:00
15,2003,KC,9,-130,100,not_tracked,2003-08-30T00:00:00.000000+00:00
16,2003,MIA,9.5,-145,115,not_tracked,2003-08-30T00:00:00.000000+00:00
17,2003,MIN,8,-130,100,not_tracked,2003-08-30T00:00:00.000000+00:00
18,2003,NE,8.5,-160,130,not_tracked,2003-08-30T00:00:00.000000+00:00
19,2003,NO,8,-130,100,not_tracked,2003-08-30T00:00:00.000000+00:00
20,2003,NYG,8.5,-145,115,not_tracked,2003-08-30T00:00:00.000000+00:00
21,2003,NYJ,9,-115,-115,not_tracked,2003-08-30T00:00:00.000000+00:00
22,2003,OAK,9.5,-150,120,not_tracked,2003-08-30T00:00:00.000000+00:00
23,2003,PHI,10.5,130,-160,not_tracked,2003-08-30T00:00:00.000000+00:00
24,2003,PIT,9.5,-150,120,not_tracked,2003-08-30T00:00:00.000000+00:00
25,2003,SD,8.5,120,-150,not_tracked,2003-08-30T00:00:00.000000+00:00
26,2003,SEA,7.5,-180,140,not_tracked,2003-08-30T00:00:00.000000+00:00
27,2003,SF,9.5,115,-145,not_tracked,2003-08-30T00:00:00.000000+00:00
28,2003,STL,9.5,-130,100,not_tracked,2003-08-30T00:00:00.000000+00:00
29,2003,TB,10.5,-115,-115,not_tracked,2003-08-30T00:00:00.000000+00:00
30,2003,TEN,9.5,-135,105,not_tracked,2003-08-30T00:00:00.000000+00:00
31,2003,WAS,7.5,-150,120,not_tracked,2003-08-30T00:00:00.000000+00:00
32,2004,ARI,5.5,-130,100,not_tracked,2004-08-30T00:00:00.000000+00:00
33,2004,ATL,9,-110,-120,not_tracked,2004-08-30T00:00:00.000000+00:00
34,2004,BAL,9,100,-130,not_tracked,2004-08-30T00:00:00.000000+00:00
35,2004,BUF,7.5,-115,-115,not_tracked,2004-08-30T00:00:00.000000+00:00
36,2004,CAR,8.5,100,-130,not_tracked,2004-08-30T00:00:00.000000+00:00
37,2004,CHI,6.5,-130,100,not_tracked,2004-08-30T00:00:00.000000+00:00
38,2004,CIN,7.5,-115,-115,not_tracked,2004-08-30T00:00:00.000000+00:00
39,2004,CLE,7.5,120,-150,not_tracked,2004-08-30T00:00:00.000000+00:00
40,2004,DAL,9,-115,-115,not_tracked,2004-08-30T00:00:00.000000+00:00
41,2004,DEN,9,-115,-115,not_tracked,2004-08-30T00:00:00.000000+00:00
42,2004,DET,6.5,-130,100,not_tracked,2004-08-30T00:00:00.000000+00:00
43,2004,GB,9.5,115,-145,not_tracked,2004-08-30T00:00:00.000000+00:00
44,2004,HOU,6.5,100,-130,not_tracked,2004-08-30T00:00:00.000000+00:00
45,2004,IND,10.5,120,-150,not_tracked,2004-08-30T00:00:00.000000+00:00
46,2004,JAX,7.5,-140,110,not_tracked,2004-08-30T00:00:00.000000+00:00
47,2004,KC,10,100,-130,not_tracked,2004-08-30T00:00:00.000000+00:00
48,2004,MIA,9.5,110,-140,not_tracked,2004-08-30T00:00:00.000000+00:00
49,2004,MIN,8.5,-140,110,not_tracked,2004-08-30T00:00:00.000000+00:00
50,2004,NE,10.5,100,-130,not_tracked,2004-08-30T00:00:00.000000+00:00
51,2004,NO,7.5,-115,-115,not_tracked,2004-08-30T00:00:00.000000+00:00
52,2004,NYG,6,-135,105,not_tracked,2004-08-30T00:00:00.000000+00:00
53,2004,NYJ,9,120,-150,not_tracked,2004-08-30T00:00:00.000000+00:00
54,2004,OAK,7.5,-130,100,not_tracked,2004-08-30T00:00:00.000000+00:00
55,2004,PHI,10.5,100,-130,not_tracked,2004-08-30T00:00:00.000000+00:00
56,2004,PIT,7.5,100,-130,not_tracked,2004-08-30T00:00:00.000000+00:00
57,2004,SD,4.5,110,-140,not_tracked,2004-08-30T00:00:00.000000+00:00
58,2004,SEA,9,100,-130,not_tracked,2004-08-30T00:00:00.000000+00:00
59,2004,SF,5,-130,100,not_tracked,2004-08-30T00:00:00.000000+00:00
60,2004,STL,9.5,110,-140,not_tracked,2004-08-30T00:00:00.000000+00:00
61,2004,TB,9,-130,100,not_tracked,2004-08-30T00:00:00.000000+00:00
62,2004,TEN,9.5,-130,100,not_tracked,2004-08-30T00:00:00.000000+00:00
63,2004,WAS,9,100,-130,not_tracked,2004-08-30T00:00:00.000000+00:00
64,2005,ARI,7,-150,120,not_tracked,2005-08-30T00:00:00.000000+00:00
65,2005,ATL,9.5,110,-140,not_tracked,2005-08-30T00:00:00.000000+00:00
66,2005,BAL,10,105,-135,not_tracked,2005-08-30T00:00:00.000000+00:00
67,2005,BUF,8,-135,105,not_tracked,2005-08-30T00:00:00.000000+00:00
68,2005,CAR,9,-130,100,not_tracked,2005-08-30T00:00:00.000000+00:00
69,2005,CHI,7,100,-130,not_tracked,2005-08-30T00:00:00.000000+00:00
70,2005,CIN,8,-115,-115,not_tracked,2005-08-30T00:00:00.000000+00:00
71,2005,CLE,5,115,-145,not_tracked,2005-08-30T00:00:00.000000+00:00
72,2005,DAL,8,-140,110,not_tracked,2005-08-30T00:00:00.000000+00:00
73,2005,DEN,8.5,-140,110,not_tracked,2005-08-30T00:00:00.000000+00:00
74,2005,DET,8,-130,100,not_tracked,2005-08-30T00:00:00.000000+00:00
75,2005,GB,8,110,-140,not_tracked,2005-08-30T00:00:00.000000+00:00
76,2005,HOU,7.5,100,-130,not_tracked,2005-08-30T00:00:00.000000+00:00
77,2005,IND,11.5,-110,-120,not_tracked,2005-08-30T00:00:00.000000+00:00
78,2005,JAX,8.5,-115,-115,not_tracked,2005-08-30T00:00:00.000000+00:00
79,2005,KC,9,-115,-115,not_tracked,2005-08-30T00:00:00.000000+00:00
80,2005,MIA,5.5,-165,135,not_tracked,2005-08-30T00:00:00.000000+00:00
81,2005,MIN,9,-135,105,not_tracked,2005-08-30T00:00:00.000000+00:00
82,2005,NE,11,110,-140,not_tracked,2005-08-30T00:00:00.000000+00:00
83,2005,NO,7.5,-125,-105,not_tracked,2005-08-30T00:00:00.000000+00:00
84,2005,NYG,6.5,-120,-110,not_tracked,2005-08-30T00:00:00.000000+00:00
85,2005,NYJ,9,-125,-105,not_tracked,2005-08-30T00:00:00.000000+00:00
86,2005,OAK,7.5,-145,115,not_tracked,2005-08-30T00:00:00.000000+00:00
87,2005,PHI,11.5,-110,-120,not_tracked,2005-08-30T00:00:00.000000+00:00
88,2005,PIT,9.5,-150,120,not_tracked,2005-08-30T00:00:00.000000+00:00
89,2005,SD,8,-130,100,not_tracked,2005-08-30T00:00:00.000000+00:00
90,2005,SEA,9,100,-130,not_tracked,2005-08-30T00:00:00.000000+00:00
91,2005,SF,4.5,100,-130,not_tracked,2005-08-30T00:00:00.000000+00:00
92,2005,STL,8,-150,120,not_tracked,2005-08-30T00:00:00.000000+00:00
93,2005,TB,7,-115,-115,not_tracked,2005-08-30T00:00:00.000000+00:00
94,2005,TEN,6.5,-115,-115,not_tracked,2005-08-30T00:00:00.000000+00:00
95,2005,WAS,7.5,-115,-115,not_tracked,2005-08-30T00:00:00.000000+00:00
96,2006,ARI,8,110,-130,not_tracked,2006-08-30T00:00:00.000000+00:00
97,2006,ATL,8,-135,115,not_tracked,2006-08-30T00:00:00.000000+00:00
98,2006,BAL,8,-130,110,not_tracked,2006-08-30T00:00:00.000000+00:00
99,2006,BUF,7,165,-185,not_tracked,2006-08-30T00:00:00.000000+00:00
100,2006,CAR,10,-110,-110,not_tracked,2006-08-30T00:00:00.000000+00:00
101,2006,CHI,9,-160,140,not_tracked,2006-08-30T00:00:00.000000+00:00
102,2006,CIN,9,-105,-115,not_tracked,2006-08-30T00:00:00.000000+00:00
103,2006,CLE,6.5,-175,155,not_tracked,2006-08-30T00:00:00.000000+00:00
104,2006,DAL,9.5,-110,-110,not_tracked,2006-08-30T00:00:00.000000+00:00
105,2006,DEN,10,-110,-110,not_tracked,2006-08-30T00:00:00.000000+00:00
106,2006,DET,7,120,-140,not_tracked,2006-08-30T00:00:00.000000+00:00
107,2006,GB,6,-160,140,not_tracked,2006-08-30T00:00:00.000000+00:00
108,2006,HOU,5.5,-130,110,not_tracked,2006-08-30T00:00:00.000000+00:00
109,2006,IND,11.5,110,-130,not_tracked,2006-08-30T00:00:00.000000+00:00
110,2006,JAX,9,110,-130,not_tracked,2006-08-30T00:00:00.000000+00:00
111,2006,KC,9.5,110,-130,not_tracked,2006-08-30T00:00:00.000000+00:00
112,2006,MIA,9,-135,115,not_tracked,2006-08-30T00:00:00.000000+00:00
113,2006,MIN,8,-120,100,not_tracked,2006-08-30T00:00:00.000000+00:00
114,2006,NE,10.5,125,-145,not_tracked,2006-08-30T00:00:00.000000+00:00
115,2006,NO,7,135,-155,not_tracked,2006-08-30T00:00:00.000000+00:00
116,2006,NYG,9,115,-135,not_tracked,2006-08-30T00:00:00.000000+00:00
117,2006,NYJ,6.5,130,-150,not_tracked,2006-08-30T00:00:00.000000+00:00
118,2006,OAK,6.5,105,-125,not_tracked,2006-08-30T00:00:00.000000+00:00
119,2006,PHI,8.5,-135,115,not_tracked,2006-08-30T00:00:00.000000+00:00
120,2006,PIT,10.5,-110,-120,not_tracked,2006-08-30T00:00:00.000000+00:00
121,2006,SD,9,130,-150,not_tracked,2006-08-30T00:00:00.000000+00:00
122,2006,SEA,10.5,110,-130,not_tracked,2006-08-30T00:00:00.000000+00:00
123,2006,SF,5,100,-120,not_tracked,2006-08-30T00:00:00.000000+00:00
124,2006,STL,7,110,-130,not_tracked,2006-08-30T00:00:00.000000+00:00
125,2006,TB,8,100,-120,not_tracked,2006-08-30T00:00:00.000000+00:00
126,2006,TEN,5.5,120,-140,not_tracked,2006-08-30T00:00:00.000000+00:00
127,2006,WAS,9,-140,120,not_tracked,2006-08-30T00:00:00.000000+00:00
128,2007,ARI,7,-135,115,not_tracked,2007-08-30T00:00:00.000000+00:00
129,2007,ATL,7.5,100,-120,not_tracked,2007-08-30T00:00:00.000000+00:00
130,2007,BAL,9,-140,120,not_tracked,2007-08-30T00:00:00.000000+00:00
131,2007,BUF,6,-110,-110,not_tracked,2007-08-30T00:00:00.000000+00:00
132,2007,CAR,9,120,-140,not_tracked,2007-08-30T00:00:00.000000+00:00
133,2007,CHI,10,115,-135,not_tracked,2007-08-30T00:00:00.000000+00:00
134,2007,CIN,9,-130,110,not_tracked,2007-08-30T00:00:00.000000+00:00
135,2007,CLE,5.5,-160,140,not_tracked,2007-08-30T00:00:00.000000+00:00
136,2007,DAL,9,-125,105,not_tracked,2007-08-30T00:00:00.000000+00:00
137,2007,DEN,9.5,-105,-115,not_tracked,2007-08-30T00:00:00.000000+00:00
138,2007,DET,6,-110,-110,not_tracked,2007-08-30T00:00:00.000000+00:00
139,2007,GB,7.5,130,-150,not_tracked,2007-08-30T00:00:00.000000+00:00
140,2007,HOU,6.5,100,-120,not_tracked,2007-08-30T00:00:00.000000+00:00
141,2007,IND,10.5,-120,100,not_tracked,2007-08-30T00:00:00.000000+00:00
142,2007,JAX,9,100,-120,not_tracked,2007-08-30T00:00:00.000000+00:00
143,2007,KC,7.5,100,-120,not_tracked,2007-08-30T00:00:00.000000+00:00
144,2007,MIA,7,-120,100,not_tracked,2007-08-30T00:00:00.000000+00:00
145,2007,MIN,6.5,-140,120,not_tracked,2007-08-30T00:00:00.000000+00:00
146,2007,NE,11.5,-110,-110,not_tracked,2007-08-30T00:00:00.000000+00:00
147,2007,NO,9,-110,-110,not_tracked,2007-08-30T00:00:00.000000+00:00
148,2007,NYG,8,-110,-110,not_tracked,2007-08-30T00:00:00.000000+00:00
149,2007,NYJ,8,150,-170,not_tracked,2007-08-30T00:00:00.000000+00:00
150,2007,OAK,5,-120,100,not_tracked,2007-08-30T00:00:00.000000+00:00
151,2007,PHI,9,-140,120,not_tracked,2007-08-30T00:00:00.000000+00:00
152,2007,PIT,9,115,-135,not_tracked,2007-08-30T00:00:00.000000+00:00
153,2007,SD,10.5,-140,120,not_tracked,2007-08-30T00:00:00.000000+00:00
154,2007,SEA,9,120,-140,not_tracked,2007-08-30T00:00:00.000000+00:00
155,2007,SF,7.5,-145,125,not_tracked,2007-08-30T00:00:00.000000+00:00
156,2007,STL,7.5,100,-120,not_tracked,2007-08-30T00:00:00.000000+00:00
157,2007,TB,7,-110,-110,not_tracked,2007-08-30T00:00:00.000000+00:00
158,2007,TEN,7,105,-125,not_tracked,2007-08-30T00:00:00.000000+00:00
159,2007,WAS,7.5,140,-160,not_tracked,2007-08-30T00:00:00.000000+00:00
160,2008,ARI,7.5,-135,115,not_tracked,2008-08-30T00:00:00.000000+00:00
161,2008,ATL,4.5,-150,130,not_tracked,2008-08-30T00:00:00.000000+00:00
162,2008,BAL,6,115,-135,not_tracked,2008-08-30T00:00:00.000000+00:00
163,2008,BUF,7.5,-150,130,not_tracked,2008-08-30T00:00:00.000000+00:00
164,2008,CAR,7.5,-140,120,not_tracked,2008-08-30T00:00:00.000000+00:00
165,2008,CHI,8,110,-130,not_tracked,2008-08-30T00:00:00.000000+00:00
166,2008,CIN,7,-125,105,not_tracked,2008-08-30T00:00:00.000000+00:00
167,2008,CLE,8,-150,130,not_tracked,2008-08-30T00:00:00.000000+00:00
168,2008,DAL,10.5,-135,115,not_tracked,2008-08-30T00:00:00.000000+00:00
169,2008,DEN,7.5,-145,125,not_tracked,2008-08-30T00:00:00.000000+00:00
170,2008,DET,6.5,-130,110,not_tracked,2008-08-30T00:00:00.000000+00:00
171,2008,GB,8.5,140,-160,not_tracked,2008-08-30T00:00:00.000000+00:00
172,2008,HOU,7.5,100,-120,not_tracked,2008-08-30T00:00:00.000000+00:00
173,2008,IND,11,145,-165,not_tracked,2008-08-30T00:00:00.000000+00:00
174,2008,JAX,10,-105,-115,not_tracked,2008-08-30T00:00:00.000000+00:00
175,2008,KC,5.5,-175,155,not_tracked,2008-08-30T00:00:00.000000+00:00
176,2008,MIA,5.5,-110,-110,not_tracked,2008-08-30T00:00:00.000000+00:00
177,2008,MIN,8.5,100,-120,not_tracked,2008-08-30T00:00:00.000000+00:00
178,2008,NE,12,-165,145,not_tracked,2008-08-30T00:00:00.000000+00:00
179,2008,NO,8.5,-155,135,not_tracked,2008-08-30T00:00:00.000000+00:00
180,2008,NYG,8.5,-140,120,not_tracked,2008-08-30T00:00:00.000000+00:00
181,2008,NYJ,7.5,-110,-110,not_tracked,2008-08-30T00:00:00.000000+00:00
182,2008,OAK,6,-135,115,not_tracked,2008-08-30T00:00:00.000000+00:00
183,2008,PHI,8.5,-170,150,not_tracked,2008-08-30T00:00:00.000000+00:00
184,2008,PIT,9,-130,110,not_tracked,2008-08-30T00:00:00.000000+00:00
185,2008,SD,10.5,-135,115,not_tracked,2008-08-30T00:00:00.000000+00:00
186,2008,SEA,8.5,-150,130,not_tracked,2008-08-30T00:00:00.000000+00:00
187,2008,SF,6,-155,135,not_tracked,2008-08-30T00:00:00.000000+00:00
188,2008,STL,6.5,-140,120,not_tracked,2008-08-30T00:00:00.000000+00:00
189,2008,TB,8,110,-130,not_tracked,2008-08-30T00:00:00.000000+00:00
190,2008,TEN,8,-110,-110,not_tracked,2008-08-30T00:00:00.000000+00:00
191,2008,WAS,7.5,-120,100,not_tracked,2008-08-30T00:00:00.000000+00:00
192,2009,ARI,8.5,-110,-120,not_tracked,2009-08-30T00:00:00.000000+00:00
193,2009,ATL,8.5,100,-135,not_tracked,2009-08-30T00:00:00.000000+00:00
194,2009,BAL,8.5,-150,120,not_tracked,2009-08-30T00:00:00.000000+00:00
195,2009,BUF,7.5,-120,-110,not_tracked,2009-08-30T00:00:00.000000+00:00
196,2009,CAR,8.5,110,-140,not_tracked,2009-08-30T00:00:00.000000+00:00
197,2009,CHI,8.5,-160,130,not_tracked,2009-08-30T00:00:00.000000+00:00
198,2009,CIN,7,-130,-110,not_tracked,2009-08-30T00:00:00.000000+00:00
199,2009,CLE,7,160,-190,not_tracked,2009-08-30T00:00:00.000000+00:00
200,2009,DAL,9,-125,-105,not_tracked,2009-08-30T00:00:00.000000+00:00
201,2009,DEN,6.5,105,-135,not_tracked,2009-08-30T00:00:00.000000+00:00
202,2009,DET,4.5,-135,100,not_tracked,2009-08-30T00:00:00.000000+00:00
203,2009,GB,9,-130,100,not_tracked,2009-08-30T00:00:00.000000+00:00
204,2009,HOU,8.5,110,-140,not_tracked,2009-08-30T00:00:00.000000+00:00
205,2009,IND,10,-115,-115,not_tracked,2009-08-30T00:00:00.000000+00:00
206,2009,JAX,8,-135,105,not_tracked,2009-08-30T00:00:00.000000+00:00
207,2009,KC,6,-125,-105,not_tracked,2009-08-30T00:00:00.000000+00:00
208,2009,MIA,7,-125,-105,not_tracked,2009-08-30T00:00:00.000000+00:00
209,2009,MIN,9.5,-125,105,not_tracked,2009-08-30T00:00:00.000000+00:00
210,2009,NE,11.5,-135,105,not_tracked,2009-08-30T00:00:00.000000+00:00
211,2009,NO,9,-120,-110,not_tracked,2009-08-30T00:00:00.000000+00:00
212,2009,NYG,10,-120,-110,not_tracked,2009-08-30T00:00:00.000000+00:00
213,2009,NYJ,7,-130,100,not_tracked,2009-08-30T00:00:00.000000+00:00
214,2009,OAK,6,110,-140,not_tracked,2009-08-30T00:00:00.000000+00:00
215,2009,PHI,9.5,-145,115,not_tracked,2009-08-30T00:00:00.000000+00:00
216,2009,PIT,10.5,-125,-105,not_tracked,2009-08-30T00:00:00.000000+00:00
217,2009,SD,10,-140,110,not_tracked,2009-08-30T00:00:00.000000+00:00
218,2009,SEA,7.5,-175,145,not_tracked,2009-08-30T00:00:00.000000+00:00
219,2009,SF,7,-140,110,not_tracked,2009-08-30T00:00:00.000000+00:00
220,2009,STL,5.5,-150,120,not_tracked,2009-08-30T00:00:00.000000+00:00
221,2009,TB,6.5,140,-170,not_tracked,2009-08-30T00:00:00.000000+00:00
222,2009,TEN,9,-105,-125,not_tracked,2009-08-30T00:00:00.000000+00:00
223,2009,WAS,8.5,120,-150,not_tracked,2009-08-30T00:00:00.000000+00:00
224,2010,ARI,7.5,-140,110,not_tracked,2010-08-30T00:00:00.000000+00:00
225,2010,ATL,9.5,-115,-115,not_tracked,2010-08-30T00:00:00.000000+00:00
226,2010,BAL,10,-105,-125,not_tracked,2010-08-30T00:00:00.000000+00:00
227,2010,BUF,5,-125,-105,not_tracked,2010-08-30T00:00:00.000000+00:00
228,2010,CAR,7,115,-145,not_tracked,2010-08-30T00:00:00.000000+00:00
229,2010,CHI,8,105,-135,not_tracked,2010-08-30T00:00:00.000000+00:00
230,2010,CIN,8,-140,110,not_tracked,2010-08-30T00:00:00.000000+00:00
231,2010,CLE,5.5,-130,100,not_tracked,2010-08-30T00:00:00.000000+00:00
232,2010,DAL,10,-135,105,not_tracked,2010-08-30T00:00:00.000000+00:00
233,2010,DEN,7,-130,100,not_tracked,2010-08-30T00:00:00.000000+00:00
234,2010,DET,5,-155,125,not_tracked,2010-08-30T00:00:00.000000+00:00
235,2010,GB,9.5,-160,130,not_tracked,2010-08-30T00:00:00.000000+00:00
236,2010,HOU,8.5,-115,-115,not_tracked,2010-08-30T00:00:00.000000+00:00
237,2010,IND,10.5,-130,100,not_tracked,2010-08-30T00:00:00.000000+00:00
238,2010,JAX,7,-105,-125,not_tracked,2010-08-30T00:00:00.000000+00:00
239,2010,KC,6.5,-115,-115,not_tracked,2010-08-30T00:00:00.000000+00:00
240,2010,MIA,8.5,-125,-105,not_tracked,2010-08-30T00:00:00.000000+00:00
241,2010,MIN,9.5,-110,-120,not_tracked,2010-08-30T00:00:00.000000+00:00
242,2010,NE,9.5,-120,-110,not_tracked,2010-08-30T00:00:00.000000+00:00
243,2010,NO,10.5,100,-130,not_tracked,2010-08-30T00:00:00.000000+00:00
244,2010,NYG,9,-110,-120,not_tracked,2010-08-30T00:00:00.000000+00:00
245,2010,NYJ,9.5,-125,-105,not_tracked,2010-08-30T00:00:00.000000+00:00
246,2010,OAK,6,-150,120,not_tracked,2010-08-30T00:00:00.000000+00:00
247,2010,PHI,8.5,110,-140,not_tracked,2010-08-30T00:00:00.000000+00:00
248,2010,PIT,8.5,-110,-120,not_tracked,2010-08-30T00:00:00.000000+00:00
249,2010,SD,10.5,-115,-115,not_tracked,2010-08-30T00:00:00.000000+00:00
250,2010,SEA,7,110,-140,not_tracked,2010-08-30T00:00:00.000000+00:00
251,2010,SF,9,-115,-115,not_tracked,2010-08-30T00:00:00.000000+00:00
252,2010,STL,4.5,-125,-105,not_tracked,2010-08-30T00:00:00.000000+00:00
253,2010,TB,6,100,-130,not_tracked,2010-08-30T00:00:00.000000+00:00
254,2010,TEN,8,-130,100,not_tracked,2010-08-30T00:00:00.000000+00:00
255,2010,WAS,7.5,100,-130,not_tracked,2010-08-30T00:00:00.000000+00:00
256,2011,ARI,7,-150,120,not_tracked,2011-08-30T00:00:00.000000+00:00
257,2011,ATL,10,-105,-125,not_tracked,2011-08-30T00:00:00.000000+00:00
258,2011,BAL,10.5,110,-140,not_tracked,2011-08-30T00:00:00.000000+00:00
259,2011,BUF,5.5,-120,-110,not_tracked,2011-08-30T00:00:00.000000+00:00
260,2011,CAR,4.5,-105,-125,not_tracked,2011-08-30T00:00:00.000000+00:00
261,2011,CHI,8.5,130,-160,not_tracked,2011-08-30T00:00:00.000000+00:00
262,2011,CIN,5.5,110,-140,not_tracked,2011-08-30T00:00:00.000000+00:00
263,2011,CLE,6.5,-160,130,not_tracked,2011-08-30T00:00:00.000000+00:00
264,2011,DAL,9,110,-140,not_tracked,2011-08-30T00:00:00.000000+00:00
265,2011,DEN,6,-120,-110,not_tracked,2011-08-30T00:00:00.000000+00:00
266,2011,DET,8,-145,115,not_tracked,2011-08-30T00:00:00.000000+00:00
267,2011,GB,11.5,120,-150,not_tracked,2011-08-30T00:00:00.000000+00:00
268,2011,HOU,9,-145,115,not_tracked,2011-08-30T00:00:00.000000+00:00
269,2011,IND,9.5,-135,105,not_tracked,2011-08-30T00:00:00.000000+00:00
270,2011,JAX,6.5,-110,-120,not_tracked,2011-08-30T00:00:00.000000+00:00
271,2011,KC,7.5,-115,-115,not_tracked,2011-08-30T00:00:00.000000+00:00
272,2011,MIA,7.5,115,-145,not_tracked,2011-08-30T00:00:00.000000+00:00
273,2011,MIN,7,-120,-110,not_tracked,2011-08-30T00:00:00.000000+00:00
274,2011,NE,11.5,-115,-115,not_tracked,2011-08-30T00:00:00.000000+00:00
275,2011,NO,10,-150,120,not_tracked,2011-08-30T00:00:00.000000+00:00
276,2011,NYG,9.5,130,-160,not_tracked,2011-08-30T00:00:00.000000+00:00
277,2011,NYJ,10,105,-135,not_tracked,2011-08-30T00:00:00.000000+00:00
278,2011,OAK,6.5,-105,-125,not_tracked,2011-08-30T00:00:00.000000+00:00
279,2011,PHI,10.5,-150,120,not_tracked,2011-08-30T00:00:00.000000+00:00
280,2011,PIT,10.5,-120,-110,not_tracked,2011-08-30T00:00:00.000000+00:00
281,2011,SD,11,115,-145,not_tracked,2011-08-30T00:00:00.000000+00:00
282,2011,SEA,6,120,-150,not_tracked,2011-08-30T00:00:00.000000+00:00
283,2011,SF,7.5,-105,-125,not_tracked,2011-08-30T00:00:00.000000+00:00
284,2011,STL,7.5,-120,-110,not_tracked,2011-08-30T00:00:00.000000+00:00
285,2011,TB,8,120,-150,not_tracked,2011-08-30T00:00:00.000000+00:00
286,2011,TEN,6.5,-130,100,not_tracked,2011-08-30T00:00:00.000000+00:00
287,2011,WAS,6,-125,-105,not_tracked,2011-08-30T00:00:00.000000+00:00
288,2012,ARI,7,133,-170,not_tracked,2012-08-30T00:00:00.000000+00:00
289,2012,ATL,9,-135,105,not_tracked,2012-08-30T00:00:00.000000+00:00
290,2012,BAL,10,150,-190,not_tracked,2012-08-30T00:00:00.000000+00:00
291,2012,BUF,8,-150,120,not_tracked,2012-08-30T00:00:00.000000+00:00
292,2012,CAR,7.5,-145,115,not_tracked,2012-08-30T00:00:00.000000+00:00
293,2012,CHI,9.5,-105,-125,not_tracked,2012-08-30T00:00:00.000000+00:00
294,2012,CIN,8,105,-135,not_tracked,2012-08-30T00:00:00.000000+00:00
295,2012,CLE,5.5,133,-170,not_tracked,2012-08-30T00:00:00.000000+00:00
296,2012,DAL,8.5,-160,125,not_tracked,2012-08-30T00:00:00.000000+00:00
297,2012,DEN,8.5,-170,133,not_tracked,2012-08-30T00:00:00.000000+00:00
298,2012,DET,9,105,-135,not_tracked,2012-08-30T00:00:00.000000+00:00
299,2012,GB,12,160,-200,not_tracked,2012-08-30T00:00:00.000000+00:00
300,2012,HOU,10,-190,150,not_tracked,2012-08-30T00:00:00.000000+00:00
301,2012,IND,5.5,-105,-125,not_tracked,2012-08-30T00:00:00.000000+00:00
302,2012,JAX,5.5,-110,-120,not_tracked,2012-08-30T00:00:00.000000+00:00
303,2012,KC,8,125,-160,not_tracked,2012-08-30T00:00:00.000000+00:00
304,2012,MIA,7,170,-220,not_tracked,2012-08-30T00:00:00.000000+00:00
305,2012,MIN,6,-115,-115,not_tracked,2012-08-30T00:00:00.000000+00:00
306,2012,NE,12,-115,-115,not_tracked,2012-08-30T00:00:00.000000+00:00
307,2012,NO,9.5,-125,-105,not_tracked,2012-08-30T00:00:00.000000+00:00
308,2012,NYG,9,-140,110,not_tracked,2012-08-30T00:00:00.000000+00:00
309,2012,NYJ,8.5,125,-160,not_tracked,2012-08-30T00:00:00.000000+00:00
310,2012,OAK,7,-115,-115,not_tracked,2012-08-30T00:00:00.000000+00:00
311,2012,PHI,10,110,-140,not_tracked,2012-08-30T00:00:00.000000+00:00
312,2012,PIT,10,-125,-105,not_tracked,2012-08-30T00:00:00.000000+00:00
313,2012,SD,9,130,-165,not_tracked,2012-08-30T00:00:00.000000+00:00
314,2012,SEA,7.5,-130,100,not_tracked,2012-08-30T00:00:00.000000+00:00
315,2012,SF,10,110,-140,not_tracked,2012-08-30T00:00:00.000000+00:00
316,2012,STL,6,-125,-105,not_tracked,2012-08-30T00:00:00.000000+00:00
317,2012,TB,6,-140,110,not_tracked,2012-08-30T00:00:00.000000+00:00
318,2012,TEN,7,-145,115,not_tracked,2012-08-30T00:00:00.000000+00:00
319,2012,WAS,6.5,115,-145,not_tracked,2012-08-30T00:00:00.000000+00:00
320,2013,ARI,5.5,-160,125,not_tracked,2013-08-30T00:00:00.000000+00:00
321,2013,ATL,10,100,-130,not_tracked,2013-08-30T00:00:00.000000+00:00
322,2013,BAL,8.5,-110,-120,not_tracked,2013-08-30T00:00:00.000000+00:00
323,2013,BUF,6.5,120,-150,not_tracked,2013-08-30T00:00:00.000000+00:00
324,2013,CAR,7.5,-140,110,not_tracked,2013-08-30T00:00:00.000000+00:00
325,2013,CHI,8.5,-150,120,not_tracked,2013-08-30T00:00:00.000000+00:00
326,2013,CIN,8.5,-170,133,not_tracked,2013-08-30T00:00:00.000000+00:00
327,2013,CLE,6.5,-125,-105,not_tracked,2013-08-30T00:00:00.000000+00:00
328,2013,DAL,8.5,-115,-115,not_tracked,2013-08-30T00:00:00.000000+00:00
329,2013,DEN,11.5,-105,-125,not_tracked,2013-08-30T00:00:00.000000+00:00
330,2013,DET,8,-150,120,not_tracked,2013-08-30T00:00:00.000000+00:00
331,2013,GB,10.5,-105,-125,not_tracked,2013-08-30T00:00:00.000000+00:00
332,2013,HOU,10.5,125,-160,not_tracked,2013-08-30T00:00:00.000000+00:00
333,2013,IND,8.5,-110,-120,not_tracked,2013-08-30T00:00:00.000000+00:00
334,2013,JAX,5,-115,-115,not_tracked,2013-08-30T00:00:00.000000+00:00
335,2013,KC,7.5,-160,-125,not_tracked,2013-08-30T00:00:00.000000+00:00
336,2013,MIA,8,120,-150,not_tracked,2013-08-30T00:00:00.000000+00:00
337,2013,MIN,7,-105,-125,not_tracked,2013-08-30T00:00:00.000000+00:00
338,2013,NE,11,130,-165,not_tracked,2013-08-30T00:00:00.000000+00:00
339,2013,NO,9,-150,120,not_tracked,2013-08-30T00:00:00.000000+00:00
340,2013,NYG,9,130,-165,not_tracked,2013-08-30T00:00:00.000000+00:00
341,2013,NYJ,6.5,160,-200,not_tracked,2013-08-30T00:00:00.000000+00:00
342,2013,OAK,5.5,160,-200,not_tracked,2013-08-30T00:00:00.000000+00:00
343,2013,PHI,7.5,100,-130,not_tracked,2013-08-30T00:00:00.000000+00:00
344,2013,PIT,9,-115,-115,not_tracked,2013-08-30T00:00:00.000000+00:00
345,2013,SD,7.5,120,-150,not_tracked,2013-08-30T00:00:00.000000+00:00
346,2013,SEA,10.5,-140,110,not_tracked,2013-08-30T00:00:00.000000+00:00
347,2013,SF,11.5,150,-190,not_tracked,2013-08-30T00:00:00.000000+00:00
348,2013,STL,7.5,-120,-110,not_tracked,2013-08-30T00:00:00.000000+00:00
349,2013,TB,7.5,-145,115,not_tracked,2013-08-30T00:00:00.000000+00:00
350,2013,TEN,6.5,-115,-115,not_tracked,2013-08-30T00:00:00.000000+00:00
351,2013,WAS,8,-125,-105,not_tracked,2013-08-30T00:00:00.000000+00:00
352,2014,ARI,7.5,-175,155,not_tracked,2014-08-30T00:00:00.000000+00:00
353,2014,ATL,8.5,150,-170,not_tracked,2014-08-30T00:00:00.000000+00:00
354,2014,BAL,8.5,-120,100,not_tracked,2014-08-30T00:00:00.000000+00:00
355,2014,BUF,6.5,-145,125,not_tracked,2014-08-30T00:00:00.000000+00:00
356,2014,CAR,8,145,-165,not_tracked,2014-08-30T00:00:00.000000+00:00
357,2014,CHI,8.5,-150,130,not_tracked,2014-08-30T00:00:00.000000+00:00
358,2014,CIN,9,-110,-110,not_tracked,2014-08-30T00:00:00.000000+00:00
359,2014,CLE,6.5,110,-130,not_tracked,2014-08-30T00:00:00.000000+00:00
360,2014,DAL,8,230,-270,not_tracked,2014-08-30T00:00:00.000000+00:00
361,2014,DEN,11.5,100,-120,not_tracked,2014-08-30T00:00:00.000000+00:00
362,2014,DET,8.5,110,-130,not_tracked,2014-08-30T00:00:00.000000+00:00
363,2014,GB,10.5,115,-135,not_tracked,2014-08-30T00:00:00.000000+00:00
364,2014,HOU,7.5,-175,155,not_tracked,2014-08-30T00:00:00.000000+00:00
365,2014,IND,9.5,110,-130,not_tracked,2014-08-30T00:00:00.000000+00:00
366,2014,JAX,5,-150,130,not_tracked,2014-08-30T00:00:00.000000+00:00
367,2014,KC,8,160,-180,not_tracked,2014-08-30T00:00:00.000000+00:00
368,2014,MIA,8,150,-170,not_tracked,2014-08-30T00:00:00.000000+00:00
369,2014,MIN,6,-175,155,not_tracked,2014-08-30T00:00:00.000000+00:00
370,2014,NE,10.5,-180,160,not_tracked,2014-08-30T00:00:00.000000+00:00
371,2014,NO,10,-160,140,not_tracked,2014-08-30T00:00:00.000000+00:00
372,2014,NYG,8,130,-150,not_tracked,2014-08-30T00:00:00.000000+00:00
373,2014,NYJ,7,-125,105,not_tracked,2014-08-30T00:00:00.000000+00:00
374,2014,OAK,5,-130,110,not_tracked,2014-08-30T00:00:00.000000+00:00
375,2014,PHI,9,-150,130,not_tracked,2014-08-30T00:00:00.000000+00:00
376,2014,PIT,8.5,-140,120,not_tracked,2014-08-30T00:00:00.000000+00:00
377,2014,SD,8,-135,115,not_tracked,2014-08-30T00:00:00.000000+00:00
378,2014,SEA,11,-110,-110,not_tracked,2014-08-30T00:00:00.000000+00:00
379,2014,SF,10.5,145,-165,not_tracked,2014-08-30T00:00:00.000000+00:00
380,2014,STL,7,120,-140,not_tracked,2014-08-30T00:00:00.000000+00:00
381,2014,TB,7,-120,100,not_tracked,2014-08-30T00:00:00.000000+00:00
382,2014,TEN,7,-140,120,not_tracked,2014-08-30T00:00:00.000000+00:00
383,2014,WAS,7.5,-120,100,not_tracked,2014-08-30T00:00:00.000000+00:00
384,2015,ARI,8.5,120,-140,not_tracked,2015-08-30T00:00:00.000000+00:00
385,2015,ATL,8.5,-110,-110,not_tracked,2015-08-30T00:00:00.000000+00:00
386,2015,BAL,9,-140,120,not_tracked,2015-08-30T00:00:00.000000+00:00
387,2015,BUF,8.5,130,-150,not_tracked,2015-08-30T00:00:00.000000+00:00
388,2015,CAR,8.5,150,-170,not_tracked,2015-08-30T00:00:00.000000+00:00
389,2015,CHI,6.5,100,-120,not_tracked,2015-08-30T00:00:00.000000+00:00
390,2015,CIN,8.5,100,-120,not_tracked,2015-08-30T00:00:00.000000+00:00
391,2015,CLE,6.5,155,-175,not_tracked,2015-08-30T00:00:00.000000+00:00
392,2015,DAL,9.5,110,-130,not_tracked,2015-08-30T00:00:00.000000+00:00
393,2015,DEN,10,-140,120,not_tracked,2015-08-30T00:00:00.000000+00:00
394,2015,DET,8.5,130,-150,not_tracked,2015-08-30T00:00:00.000000+00:00
395,2015,GB,11,140,-160,not_tracked,2015-08-30T00:00:00.000000+00:00
396,2015,HOU,8.5,100,-120,not_tracked,2015-08-30T00:00:00.000000+00:00
397,2015,IND,10.5,-160,140,not_tracked,2015-08-30T00:00:00.000000+00:00
398,2015,JAX,5.5,-120,100,not_tracked,2015-08-30T00:00:00.000000+00:00
399,2015,KC,8.5,-150,130,not_tracked,2015-08-30T00:00:00.000000+00:00
400,2015,MIA,9,-160,140,not_tracked,2015-08-30T00:00:00.000000+00:00
401,2015,MIN,8,-150,130,not_tracked,2015-08-30T00:00:00.000000+00:00
402,2015,NE,10.5,-130,110,not_tracked,2015-08-30T00:00:00.000000+00:00
403,2015,NO,8.5,-130,110,not_tracked,2015-08-30T00:00:00.000000+00:00
404,2015,NYG,8,150,-170,not_tracked,2015-08-30T00:00:00.000000+00:00
405,2015,NYJ,7.5,110,-130,not_tracked,2015-08-30T00:00:00.000000+00:00
406,2015,OAK,5.5,-160,140,not_tracked,2015-08-30T00:00:00.000000+00:00
407,2015,PHI,10,-130,110,not_tracked,2015-08-30T00:00:00.000000+00:00
408,2015,PIT,8.5,-110,-110,not_tracked,2015-08-30T00:00:00.000000+00:00
409,2015,SD,8,-160,140,not_tracked,2015-08-30T00:00:00.000000+00:00
410,2015,SEA,11,-120,100,not_tracked,2015-08-30T00:00:00.000000+00:00
411,2015,SF,6.5,155,-175,not_tracked,2015-08-30T00:00:00.000000+00:00
412,2015,STL,7.5,-110,-110,not_tracked,2015-08-30T00:00:00.000000+00:00
413,2015,TB,6,-150,130,not_tracked,2015-08-30T00:00:00.000000+00:00
414,2015,TEN,5.5,-200,180,not_tracked,2015-08-30T00:00:00.000000+00:00
415,2015,WAS,6,-130,110,not_tracked,2015-08-30T00:00:00.000000+00:00
416,2016,ARI,10,-170,150,not_tracked,2016-08-30T00:00:00.000000+00:00
417,2016,ATL,7,-130,110,not_tracked,2016-08-30T00:00:00.000000+00:00
418,2016,BAL,8.5,-110,-110,not_tracked,2016-08-30T00:00:00.000000+00:00
419,2016,BUF,8,130,-150,not_tracked,2016-08-30T00:00:00.000000+00:00
420,2016,CAR,10.5,120,-140,not_tracked,2016-08-30T00:00:00.000000+00:00
421,2016,CHI,7.5,145,-165,not_tracked,2016-08-30T00:00:00.000000+00:00
422,2016,CIN,9.5,100,-120,not_tracked,2016-08-30T00:00:00.000000+00:00
423,2016,CLE,4.5,-150,130,not_tracked,2016-08-30T00:00:00.000000+00:00
424,2016,DAL,8.5,110,-130,not_tracked,2016-08-30T00:00:00.000000+00:00
425,2016,DEN,9.5,130,-150,not_tracked,2016-08-30T00:00:00.000000+00:00
426,2016,DET,7,-150,130,not_tracked,2016-08-30T00:00:00.000000+00:00
427,2016,GB,10.5,-170,150,not_tracked,2016-08-30T00:00:00.000000+00:00
428,2016,HOU,8.5,-120,100,not_tracked,2016-08-30T00:00:00.000000+00:00
429,2016,IND,9,120,-140,not_tracked,2016-08-30T00:00:00.000000+00:00
430,2016,JAX,7.5,-125,105,not_tracked,2016-08-30T00:00:00.000000+00:00
431,2016,KC,9.5,-140,120,not_tracked,2016-08-30T00:00:00.000000+00:00
432,2016,LA,7.5,175,-200,not_tracked,2016-08-30T00:00:00.000000+00:00
433,2016,MIA,7,120,-140,not_tracked,2016-08-30T00:00:00.000000+00:00
434,2016,MIN,8.5,115,-135,not_tracked,2016-08-30T00:00:00.000000+00:00
435,2016,NE,10.5,-120,100,not_tracked,2016-08-30T00:00:00.000000+00:00
436,2016,NO,7,-140,120,not_tracked,2016-08-30T00:00:00.000000+00:00
437,2016,NYG,8.5,100,-120,not_tracked,2016-08-30T00:00:00.000000+00:00
438,2016,NYJ,8,150,-170,not_tracked,2016-08-30T00:00:00.000000+00:00
439,2016,OAK,8.5,-110,-110,not_tracked,2016-08-30T00:00:00.000000+00:00
440,2016,PHI,6.5,130,-150,not_tracked,2016-08-30T00:00:00.000000+00:00
441,2016,PIT,10.5,110,-130,not_tracked,2016-08-30T00:00:00.000000+00:00
442,2016,SD,7,-185,165,not_tracked,2016-08-30T00:00:00.000000+00:00
443,2016,SEA,10.5,-145,125,not_tracked,2016-08-30T00:00:00.000000+00:00
444,2016,SF,5.5,110,-130,not_tracked,2016-08-30T00:00:00.000000+00:00
445,2016,TB,7,-140,120,not_tracked,2016-08-30T00:00:00.000000+00:00
446,2016,TEN,6,-150,130,not_tracked,2016-08-30T00:00:00.000000+00:00
447,2016,WAS,7.5,-120,100,not_tracked,2016-08-30T00:00:00.000000+00:00
448,2017,ARI,8.5,-160,140,not_tracked,2017-08-30T00:00:00.000000+00:00
449,2017,ATL,9.5,-110,-110,not_tracked,2017-08-30T00:00:00.000000+00:00
450,2017,BAL,8.5,130,-150,not_tracked,2017-08-30T00:00:00.000000+00:00
451,2017,BUF,6.5,130,-150,not_tracked,2017-08-30T00:00:00.000000+00:00
452,2017,CAR,9,-120,100,not_tracked,2017-08-30T00:00:00.000000+00:00
453,2017,CHI,5.5,105,-125,not_tracked,2017-08-30T00:00:00.000000+00:00
454,2017,CIN,8.5,120,-140,not_tracked,2017-08-30T00:00:00.000000+00:00
455,2017,CLE,4.5,-180,150,not_tracked,2017-08-30T00:00:00.000000+00:00
456,2017,DAL,9.5,120,-140,not_tracked,2017-08-30T00:00:00.000000+00:00
457,2017,DEN,8,100,-120,not_tracked,2017-08-30T00:00:00.000000+00:00
458,2017,DET,7.5,120,-140,not_tracked,2017-08-30T00:00:00.000000+00:00
459,2017,GB,10.5,120,-140,not_tracked,2017-08-30T00:00:00.000000+00:00
460,2017,HOU,8.5,100,-120,not_tracked,2017-08-30T00:00:00.000000+00:00
461,2017,IND,8,130,-150,not_tracked,2017-08-30T00:00:00.000000+00:00
462,2017,JAX,6.5,-125,105,not_tracked,2017-08-30T00:00:00.000000+00:00
463,2017,KC,9,-120,100,not_tracked,2017-08-30T00:00:00.000000+00:00
464,2017,LAC,7.5,-160,140,not_tracked,2017-08-30T00:00:00.000000+00:00
465,2017,LA,6,140,-160,not_tracked,2017-08-30T00:00:00.000000+00:00
466,2017,MIA,7,-130,110,not_tracked,2017-08-30T00:00:00.000000+00:00
467,2017,MIN,8.5,-130,110,not_tracked,2017-08-30T00:00:00.000000+00:00
468,2017,NE,12.5,100,-120,not_tracked,2017-08-30T00:00:00.000000+00:00
469,2017,NO,8,100,-120,not_tracked,2017-08-30T00:00:00.000000+00:00
470,2017,NYG,9,-130,110,not_tracked,2017-08-30T00:00:00.000000+00:00
471,2017,NYJ,3.5,125,-145,not_tracked,2017-08-30T00:00:00.000000+00:00
472,2017,OAK,9.5,100,-120,not_tracked,2017-08-30T00:00:00.000000+00:00
473,2017,PHI,8.5,-120,100,not_tracked,2017-08-30T00:00:00.000000+00:00
474,2017,PIT,10.5,-150,130,not_tracked,2017-08-30T00:00:00.000000+00:00
475,2017,SEA,10.5,-130,110,not_tracked,2017-08-30T00:00:00.000000+00:00
476,2017,SF,5,100,-120,not_tracked,2017-08-30T00:00:00.000000+00:00
477,2017,TB,8.5,-120,100,not_tracked,2017-08-30T00:00:00.000000+00:00
478,2017,TEN,9,-110,-110,not_tracked,2017-08-30T00:00:00.000000+00:00
479,2017,WAS,7.5,120,-140,not_tracked,2017-08-30T00:00:00.000000+00:00
480,2018,ARI,6,-130,110,not_tracked,2018-08-30T00:00:00.000000+00:00
481,2018,ATL,9.5,-120,100,not_tracked,2018-08-30T00:00:00.000000+00:00
482,2018,BAL,8.5,-120,100,not_tracked,2018-08-30T00:00:00.000000+00:00
483,2018,BUF,5.5,120,-140,not_tracked,2018-08-30T00:00:00.000000+00:00
484,2018,CAR,8.5,110,-130,not_tracked,2018-08-30T00:00:00.000000+00:00
485,2018,CHI,7.5,115,-135,not_tracked,2018-08-30T00:00:00.000000+00:00
486,2018,CIN,7,-135,115,not_tracked,2018-08-30T00:00:00.000000+00:00
487,2018,CLE,6,100,-120,not_tracked,2018-08-30T00:00:00.000000+00:00
488,2018,DAL,8.5,120,-140,not_tracked,2018-08-30T00:00:00.000000+00:00
489,2018,DEN,7,-180,150,not_tracked,2018-08-30T00:00:00.000000+00:00
490,2018,DET,7.5,-110,-110,not_tracked,2018-08-30T00:00:00.000000+00:00
491,2018,GB,10,-120,100,not_tracked,2018-08-30T00:00:00.000000+00:00
492,2018,HOU,8.5,-140,120,not_tracked,2018-08-30T00:00:00.000000+00:00
493,2018,IND,7.5,110,-130,not_tracked,2018-08-30T00:00:00.000000+00:00
494,2018,JAX,9,-130,110,not_tracked,2018-08-30T00:00:00.000000+00:00
495,2018,KC,8.5,115,-135,not_tracked,2018-08-30T00:00:00.000000+00:00
496,2018,LAC,9.5,-130,110,not_tracked,2018-08-30T00:00:00.000000+00:00
497,2018,LA,10,-130,110,not_tracked,2018-08-30T00:00:00.000000+00:00
498,2018,MIA,6.5,-140,120,not_tracked,2018-08-30T00:00:00.000000+00:00
499,2018,MIN,10,-140,120,not_tracked,2018-08-30T00:00:00.000000+00:00
500,2018,NE,11,-120,100,not_tracked,2018-08-30T00:00:00.000000+00:00
501,2018,NO,9.5,-140,120,not_tracked,2018-08-30T00:00:00.000000+00:00
502,2018,NYG,7,-140,120,not_tracked,2018-08-30T00:00:00.000000+00:00
503,2018,NYJ,6,110,-130,not_tracked,2018-08-30T00:00:00.000000+00:00
504,2018,OAK,7.5,120,-140,not_tracked,2018-08-30T00:00:00.000000+00:00
505,2018,PHI,10.5,130,-150,not_tracked,2018-08-30T00:00:00.000000+00:00
506,2018,PIT,10.5,125,-145,not_tracked,2018-08-30T00:00:00.000000+00:00
507,2018,SF,8.5,130,-150,not_tracked,2018-08-30T00:00:00.000000+00:00
508,2018,SEA,7.5,100,-120,not_tracked,2018-08-30T00:00:00.000000+00:00
509,2018,TB,6.5,130,-150,not_tracked,2018-08-30T00:00:00.000000+00:00
510,2018,TEN,8,-110,-110,not_tracked,2018-08-30T00:00:00.000000+00:00
511,2018,WAS,7,-130,110,not_tracked,2018-08-30T00:00:00.000000+00:00
512,2019,ARI,5,-120,100,not_tracked,2019-08-30T00:00:00.000000+00:00
513,2019,ATL,8.5,-140,120,not_tracked,2019-08-30T00:00:00.000000+00:00
514,2019,BAL,8.5,110,-130,not_tracked,2019-08-30T00:00:00.000000+00:00
515,2019,BUF,7,-140,120,not_tracked,2019-08-30T00:00:00.000000+00:00
516,2019,CAR,8,-130,110,not_tracked,2019-08-30T00:00:00.000000+00:00
517,2019,CHI,9,-140,120,not_tracked,2019-08-30T00:00:00.000000+00:00
518,2019,CIN,6,130,-150,not_tracked,2019-08-30T00:00:00.000000+00:00
519,2019,CLE,9,100,-120,not_tracked,2019-08-30T00:00:00.000000+00:00
520,2019,DAL,9,-110,-110,not_tracked,2019-08-30T00:00:00.000000+00:00
521,2019,DEN,7,-130,110,not_tracked,2019-08-30T00:00:00.000000+00:00
522,2019,DET,6.5,-150,130,not_tracked,2019-08-30T00:00:00.000000+00:00
523,2019,GB,9,-140,120,not_tracked,2019-08-30T00:00:00.000000+00:00
524,2019,HOU,8.5,-115,-105,not_tracked,2019-08-30T00:00:00.000000+00:00
525,2019,IND,7.5,-110,-110,not_tracked,2019-08-30T00:00:00.000000+00:00
526,2019,JAX,8,-110,-110,not_tracked,2019-08-30T00:00:00.000000+00:00
527,2019,KC,10.5,-130,110,not_tracked,2019-08-30T00:00:00.000000+00:00
528,2019,LAC,10,120,-140,not_tracked,2019-08-30T00:00:00.000000+00:00
529,2019,LA,10.5,125,-145,not_tracked,2019-08-30T00:00:00.000000+00:00
530,2019,MIA,4.5,100,-120,not_tracked,2019-08-30T00:00:00.000000+00:00
531,2019,MIN,9,-125,105,not_tracked,2019-08-30T00:00:00.000000+00:00
532,2019,NE,11.5,-110,-110,not_tracked,2019-08-30T00:00:00.000000+00:00
533,2019,NO,10.5,130,-150,not_tracked,2019-08-30T00:00:00.000000+00:00
534,2019,NYG,6,105,-125,not_tracked,2019-08-30T00:00:00.000000+00:00
535,2019,NYJ,7.5,-110,-110,not_tracked,2019-08-30T00:00:00.000000+00:00
536,2019,OAK,6,145,-170,not_tracked,2019-08-30T00:00:00.000000+00:00
537,2019,PHI,10,-150,130,not_tracked,2019-08-30T00:00:00.000000+00:00
538,2019,PIT,9.5,-110,-110,not_tracked,2019-08-30T00:00:00.000000+00:00
539,2019,SF,8,-140,120,not_tracked,2019-08-30T00:00:00.000000+00:00
540,2019,SEA,9,100,-120,not_tracked,2019-08-30T00:00:00.000000+00:00
541,2019,TB,6.5,-110,-110,not_tracked,2019-08-30T00:00:00.000000+00:00
542,2019,TEN,8,120,-140,not_tracked,2019-08-30T00:00:00.000000+00:00
543,2019,WAS,6,130,-150,not_tracked,2019-08-30T00:00:00.000000+00:00
544,2020,ARI,7.5,-120,-110,not_tracked,2020-08-30T00:00:00.000000+00:00
545,2020,ATL,7.5,-130,100,not_tracked,2020-08-30T00:00:00.000000+00:00
546,2020,BAL,11.5,-115,-115,not_tracked,2020-08-30T00:00:00.000000+00:00
547,2020,BUF,9,-140,110,not_tracked,2020-08-30T00:00:00.000000+00:00
548,2020,CAR,5.5,-110,-120,not_tracked,2020-08-30T00:00:00.000000+00:00
549,2020,CHI,8.5,130,-160,not_tracked,2020-08-30T00:00:00.000000+00:00
550,2020,CIN,5.5,-120,-110,not_tracked,2020-08-30T00:00:00.000000+00:00
551,2020,CLE,8.5,-135,105,not_tracked,2020-08-30T00:00:00.000000+00:00
552,2020,DAL,9.5,-115,125,not_tracked,2020-08-30T00:00:00.000000+00:00
553,2020,DEN,7.5,-135,105,not_tracked,2020-08-30T00:00:00.000000+00:00
554,2020,DET,6.5,-130,100,not_tracked,2020-08-30T00:00:00.000000+00:00
555,2020,GB,9,-125,-105,not_tracked,2020-08-30T00:00:00.000000+00:00
556,2020,HOU,7.5,-110,-120,not_tracked,2020-08-30T00:00:00.000000+00:00
557,2020,IND,9,-125,-105,not_tracked,2020-08-30T00:00:00.000000+00:00
558,2020,JAX,4.5,-120,-110,not_tracked,2020-08-30T00:00:00.000000+00:00
559,2020,KC,11.5,-145,115,not_tracked,2020-08-30T00:00:00.000000+00:00
560,2020,LA,8.5,-105,-125,not_tracked,2020-08-30T00:00:00.000000+00:00
561,2020,LAC,7.5,-130,100,not_tracked,2020-08-30T00:00:00.000000+00:00
562,2020,LV,7.5,-105,-125,not_tracked,2020-08-30T00:00:00.000000+00:00
563,2020,MIA,6.5,-110,-120,not_tracked,2020-08-30T00:00:00.000000+00:00
564,2020,MIN,9,-105,-125,not_tracked,2020-08-30T00:00:00.000000+00:00
565,2020,NE,9,100,-130,not_tracked,2020-08-30T00:00:00.000000+00:00
566,2020,NO,10.5,-115,-115,not_tracked,2020-08-30T00:00:00.000000+00:00
567,2020,NYG,6.5,100,-130,not_tracked,2020-08-30T00:00:00.000000+00:00
568,2020,NYJ,7,-140,110,not_tracked,2020-08-30T00:00:00.000000+00:00
569,2020,PHI,9.5,-125,-105,not_tracked,2020-08-30T00:00:00.000000+00:00
570,2020,PIT,9.5,110,-140,not_tracked,2020-08-30T00:00:00.000000+00:00
571,2020,SEA,9,-140,110,not_tracked,2020-08-30T00:00:00.000000+00:00
572,2020,SF,10.5,-125,-105,not_tracked,2020-08-30T00:00:00.000000+00:00
573,2020,TB,9.5,-140,110,not_tracked,2020-08-30T00:00:00.000000+00:00
574,2020,TEN,8.5,-125,-105,not_tracked,2020-08-30T00:00:00.000000+00:00
575,2020,WAS,5.5,100,-130,not_tracked,2020-08-30T00:00:00.000000+00:00
576,2021,KC,12,-130,110,not_tracked,2021-08-30T00:00:00.000000+00:00
577,2021,TB,11.5,100,-120,not_tracked,2021-08-30T00:00:00.000000+00:00
578,2021,GB,11,105,-125,not_tracked,2021-08-30T00:00:00.000000+00:00
579,2021,BAL,11,-105,-115,not_tracked,2021-08-30T00:00:00.000000+00:00
580,2021,LAR,10.5,105,-125,not_tracked,2021-08-30T00:00:00.000000+00:00
581,2021,BUF,10.5,-130,110,not_tracked,2021-08-30T00:00:00.000000+00:00
582,2021,SEA,10,105,-125,not_tracked,2021-08-30T00:00:00.000000+00:00
583,2021,SF,10,-140,120,not_tracked,2021-08-30T00:00:00.000000+00:00
584,2021,IND,10,-110,-110,not_tracked,2021-08-30T00:00:00.000000+00:00
585,2021,CLE,10,-115,-105,not_tracked,2021-08-30T00:00:00.000000+00:00
586,2021,TEN,9.5,110,-130,not_tracked,2021-08-30T00:00:00.000000+00:00
587,2021,NO,9.5,120,-140,not_tracked,2021-08-30T00:00:00.000000+00:00
588,2021,DAL,9.5,110,-130,not_tracked,2021-08-30T00:00:00.000000+00:00
589,2021,PIT,9,105,-125,not_tracked,2021-08-30T00:00:00.000000+00:00
590,2021,NE,9,-125,105,not_tracked,2021-08-30T00:00:00.000000+00:00
591,2021,MIA,9,-135,115,not_tracked,2021-08-30T00:00:00.000000+00:00
592,2021,LAC,9,105,-125,not_tracked,2021-08-30T00:00:00.000000+00:00
593,2021,MIN,8.5,-115,-105,not_tracked,2021-08-30T00:00:00.000000+00:00
594,2021,WAS,8,-105,-115,not_tracked,2021-08-30T00:00:00.000000+00:00
595,2021,OAK,8,115,-135,not_tracked,2021-08-30T00:00:00.000000+00:00
596,2021,ARI,8,-140,120,not_tracked,2021-08-30T00:00:00.000000+00:00
597,2021,DEN,7.5,105,-125,not_tracked,2021-08-30T00:00:00.000000+00:00
598,2021,CHI,7.5,105,-125,not_tracked,2021-08-30T00:00:00.000000+00:00
599,2021,CAR,7.5,110,-130,not_tracked,2021-08-30T00:00:00.000000+00:00
600,2021,PHI,7,105,-125,not_tracked,2021-08-30T00:00:00.000000+00:00
601,2021,NYG,7,-110,-110,not_tracked,2021-08-30T00:00:00.000000+00:00
602,2021,ATL,7,-115,-105,not_tracked,2021-08-30T00:00:00.000000+00:00
603,2021,CIN,6.5,-105,-115,not_tracked,2021-08-30T00:00:00.000000+00:00
604,2021,NYJ,6,-130,110,not_tracked,2021-08-30T00:00:00.000000+00:00
605,2021,JAX,6,-120,110,not_tracked,2021-08-30T00:00:00.000000+00:00
606,2021,HOU,5,110,-130,not_tracked,2021-08-30T00:00:00.000000+00:00
607,2021,DET,5,-130,110,not_tracked,2021-08-30T00:00:00.000000+00:00
608,2022,BUF,11.5,-140,120,not_tracked,2022-08-30T00:00:00.000000+00:00
609,2022,TB,11.5,110,-130,not_tracked,2022-08-30T00:00:00.000000+00:00
610,2022,GB,11,-110,-110,not_tracked,2022-08-30T00:00:00.000000+00:00
611,2022,KC,10.5,-115,-105,not_tracked,2022-08-30T00:00:00.000000+00:00
612,2022,LAR,10.5,-110,-110,not_tracked,2022-08-30T00:00:00.000000+00:00
613,2022,DAL,10.5,125,-145,not_tracked,2022-08-30T00:00:00.000000+00:00
614,2022,SF,10,-110,-110,not_tracked,2022-08-30T00:00:00.000000+00:00
615,2022,DEN,10,-110,-110,not_tracked,2022-08-30T00:00:00.000000+00:00
616,2022,CIN,9.5,-135,115,not_tracked,2022-08-30T00:00:00.000000+00:00
617,2022,LAC,10,-130,110,not_tracked,2022-08-30T00:00:00.000000+00:00
618,2022,IND,9.5,-145,125,not_tracked,2022-08-30T00:00:00.000000+00:00
619,2022,PHI,9.5,-140,120,not_tracked,2022-08-30T00:00:00.000000+00:00
620,2022,BAL,9.5,-145,125,not_tracked,2022-08-30T00:00:00.000000+00:00
621,2022,CLE,9.5,110,-130,not_tracked,2022-08-30T00:00:00.000000+00:00
622,2022,MIN,9,-135,115,not_tracked,2022-08-30T00:00:00.000000+00:00
623,2022,TEN,9.5,120,-140,not_tracked,2022-08-30T00:00:00.000000+00:00
624,2022,MIA,8.5,-135,115,not_tracked,2022-08-30T00:00:00.000000+00:00
625,2022,NE,8.5,-130,110,not_tracked,2022-08-30T00:00:00.000000+00:00
626,2022,ARI,9,120,-140,not_tracked,2022-08-30T00:00:00.000000+00:00
627,2022,OAK,8.5,-130,110,not_tracked,2022-08-30T00:00:00.000000+00:00
628,2022,NO,8,-160,140,not_tracked,2022-08-30T00:00:00.000000+00:00
629,2022,WAS,7.5,-115,-105,not_tracked,2022-08-30T00:00:00.000000+00:00
630,2022,PIT,7.5,-105,-135,not_tracked,2022-08-30T00:00:00.000000+00:00
631,2022,NYG,7,105,-125,not_tracked,2022-08-30T00:00:00.000000+00:00
632,2022,CHI,6.5,130,-150,not_tracked,2022-08-30T00:00:00.000000+00:00
633,2022,DET,6,-160,140,not_tracked,2022-08-30T00:00:00.000000+00:00
634,2022,JAX,6.5,115,-135,not_tracked,2022-08-30T00:00:00.000000+00:00
635,2022,CAR,6.5,100,-120,not_tracked,2022-08-30T00:00:00.000000+00:00
636,2022,SEA,6,110,-130,not_tracked,2022-08-30T00:00:00.000000+00:00
637,2022,NYJ,5.5,-175,150,not_tracked,2022-08-30T00:00:00.000000+00:00
638,2022,ATL,5,125,-145,not_tracked,2022-08-30T00:00:00.000000+00:00
639,2022,HOU,4.5,100,-120,not_tracked,2022-08-30T00:00:00.000000+00:00
608,2023,CIN,11.5,105,-125,not_tracked,2023-08-30T00:00:00.000000+00:00
609,2023,KC,11.5,-145,125,not_tracked,2023-08-30T00:00:00.000000+00:00
610,2023,SF,10.5,-150,130,not_tracked,2023-08-30T00:00:00.000000+00:00
611,2023,BAL,10.5,104,-130,not_tracked,2023-08-30T00:00:00.000000+00:00
612,2023,BUF,10.5,-128,102,not_tracked,2023-08-30T00:00:00.000000+00:00
613,2023,PHI,11.5,110,-130,not_tracked,2023-08-30T00:00:00.000000+00:00
614,2023,CLE,9.5,125,-145,not_tracked,2023-08-30T00:00:00.000000+00:00
615,2023,DAL,9.5,-170,145,not_tracked,2023-08-30T00:00:00.000000+00:00
616,2023,DET,9.5,-135,115,not_tracked,2023-08-30T00:00:00.000000+00:00
617,2023,LAC,9.5,-130,110,not_tracked,2023-08-30T00:00:00.000000+00:00
618,2023,JAX,10,-110,-110,not_tracked,2023-08-30T00:00:00.000000+00:00
619,2023,MIA,9.5,-110,-110,not_tracked,2023-08-30T00:00:00.000000+00:00
620,2023,NO,9.5,120,-140,not_tracked,2023-08-30T00:00:00.000000+00:00
621,2023,NYJ,9.5,-135,115,not_tracked,2023-08-30T00:00:00.000000+00:00
622,2023,ATL,8.5,-130,110,not_tracked,2023-08-30T00:00:00.000000+00:00
623,2023,DEN,8.5,-115,-105,not_tracked,2023-08-30T00:00:00.000000+00:00
624,2023,MIN,8.5,-140,120,not_tracked,2023-08-30T00:00:00.000000+00:00
625,2023,SEA,9,-105,-115,not_tracked,2023-08-30T00:00:00.000000+00:00
626,2023,PIT,9,-115,-105,not_tracked,2023-08-30T00:00:00.000000+00:00
627,2023,CAR,7.5,-120,100,not_tracked,2023-08-30T00:00:00.000000+00:00
628,2023,CHI,7.5,-125,105,not_tracked,2023-08-30T00:00:00.000000+00:00
629,2023,GB,7.5,-120,100,not_tracked,2023-08-30T00:00:00.000000+00:00
630,2023,NE,7.5,100,-120,not_tracked,2023-08-30T00:00:00.000000+00:00
631,2023,NYG,7.5,-110,-110,not_tracked,2023-08-30T00:00:00.000000+00:00
632,2023,TEN,7.5,110,-130,not_tracked,2023-08-30T00:00:00.000000+00:00
633,2023,IND,6.5,-125,105,not_tracked,2023-08-30T00:00:00.000000+00:00
634,2023,LAR,6.5,100,-120,not_tracked,2023-08-30T00:00:00.000000+00:00
635,2023,OAK,7.5,170,-190,not_tracked,2023-08-30T00:00:00.000000+00:00
636,2023,TB,6.5,120,-140,not_tracked,2023-08-30T00:00:00.000000+00:00
637,2023,WAS,6.5,-110,-120,not_tracked,2023-08-30T00:00:00.000000+00:00
638,2023,HOU,6.5,120,-140,not_tracked,2023-08-30T00:00:00.000000+00:00
639,2023,ARI,4.5,-115,-105,not_tracked,2023-08-30T00:00:00.000000+00:00
640,2024,KC,11.5,109,-128,not_tracked,2024-08-30T00:00:00.000000+00:00
641,2024,SF,11.5,100,-122,not_tracked,2024-08-30T00:00:00.000000+00:00
642,2024,BAL,11.5,180,-218,not_tracked,2024-08-30T00:00:00.000000+00:00
643,2024,CIN,10.5,116,-138,not_tracked,2024-08-30T00:00:00.000000+00:00
644,2024,DET,10.5,-110,-106,not_tracked,2024-08-30T00:00:00.000000+00:00
645,2024,PHI,10.5,-144,121,not_tracked,2024-08-30T00:00:00.000000+00:00
646,2024,DAL,10.5,134,-161,not_tracked,2024-08-30T00:00:00.000000+00:00
647,2024,BUF,10.5,149,-179,not_tracked,2024-08-30T00:00:00.000000+00:00
648,2024,GB,9.5,-128,108,not_tracked,2024-08-30T00:00:00.000000+00:00
649,2024,HOU,9.5,-122,103,not_tracked,2024-08-30T00:00:00.000000+00:00
650,2024,ATL,9.5,-144,121,not_tracked,2024-08-30T00:00:00.000000+00:00
651,2024,MIA,9.5,-167,139,not_tracked,2024-08-30T00:00:00.000000+00:00
652,2024,NYJ,9.5,-160,134,not_tracked,2024-08-30T00:00:00.000000+00:00
653,2024,CHI,8.5,-184,153,not_tracked,2024-08-30T00:00:00.000000+00:00
654,2024,LAC,8.5,-137,118,not_tracked,2024-08-30T00:00:00.000000+00:00
655,2024,LAR,8.5,-159,133,not_tracked,2024-08-30T00:00:00.000000+00:00
656,2024,CLE,8.5,-178,148,not_tracked,2024-08-30T00:00:00.000000+00:00
657,2024,JAX,8.5,-106,-112,not_tracked,2024-08-30T00:00:00.000000+00:00
658,2024,IND,8.5,119,-143,not_tracked,2024-08-30T00:00:00.000000+00:00
659,2024,PIT,7.5,-184,148,not_tracked,2024-08-30T00:00:00.000000+00:00
660,2024,TB,8.5,156,-188,not_tracked,2024-08-30T00:00:00.000000+00:00
661,2024,SEA,7.5,-164,137,not_tracked,2024-08-30T00:00:00.000000+00:00
662,2024,NO,7.5,109,-130,not_tracked,2024-08-30T00:00:00.000000+00:00
663,2024,MIN,6.5,-145,121,not_tracked,2024-08-30T00:00:00.000000+00:00
664,2024,ARI,6.5,-141,118,not_tracked,2024-08-30T00:00:00.000000+00:00
665,2024,OAK,6.5,-118,101,not_tracked,2024-08-30T00:00:00.000000+00:00
666,2024,WAS,6.5,105,-123,not_tracked,2024-08-30T00:00:00.000000+00:00
667,2024,TEN,6.5,123,-147,not_tracked,2024-08-30T00:00:00.000000+00:00
668,2024,NYG,6.5,121,-142,not_tracked,2024-08-30T00:00:00.000000+00:00
669,2024,DEN,5.5,-157,134,not_tracked,2024-08-30T00:00:00.000000+00:00
670,2024,NE,4.5,-139,117,not_tracked,2024-08-30T00:00:00.000000+00:00
671,2024,CAR,4.5,-260,212,not_tracked,2024-08-30T00:00:00.000000+00:00
672,2025,ARI,8.5,-140,115,draftkings,2025-09-01T06:32:07.429730+00:00
673,2025,ATL,7.5,-140,115,draftkings,2025-09-01T06:32:07.429730+00:00
674,2025,BAL,11.5,-125,105,draftkings,2025-09-01T06:32:07.429730+00:00
675,2025,BUF,12.5,125,-150,draftkings,2025-09-01T06:32:07.429730+00:00
676,2025,CAR,6.5,-130,110,draftkings,2025-09-01T06:32:07.429730+00:00
677,2025,CHI,7.5,-140,115,draftkings,2025-09-01T06:32:07.429730+00:00
678,2025,CIN,9.5,-105,-115,draftkings,2025-09-01T06:32:07.429730+00:00
679,2025,CLE,4.5,-145,120,draftkings,2025-09-01T06:32:07.429730+00:00
680,2025,DAL,7.5,100,-120,draftkings,2025-09-01T06:32:07.429730+00:00
681,2025,DEN,9.5,-140,115,draftkings,2025-09-01T06:32:07.429730+00:00
682,2025,DET,9.5,-125,105,draftkings,2025-09-01T06:32:07.429730+00:00
683,2025,GB,10.5,105,-125,draftkings,2025-09-01T06:32:07.429730+00:00
684,2025,HOU,9.5,110,-130,draftkings,2025-09-01T06:32:07.429730+00:00
685,2025,IND,7.5,110,-130,draftkings,2025-09-01T06:32:07.429730+00:00
686,2025,JAX,7.5,-125,105,draftkings,2025-09-01T06:32:07.429730+00:00
687,2025,KC,11.5,110,-130,draftkings,2025-09-01T06:32:07.429730+00:00
688,2025,LAC,9.5,-105,-115,draftkings,2025-09-01T06:32:07.429730+00:00
689,2025,LAR,9.5,-145,120,draftkings,2025-09-01T06:32:07.429730+00:00
690,2025,OAK,6.5,-145,120,draftkings,2025-09-01T06:32:07.429730+00:00
691,2025,MIA,7.5,-105,-115,draftkings,2025-09-01T06:32:07.429730+00:00
692,2025,MIN,9.5,115,-140,draftkings,2025-09-01T06:32:07.429730+00:00
693,2025,NE,8.5,-110,-110,draftkings,2025-09-01T06:32:07.429730+00:00
694,2025,NO,4.5,-135,110,draftkings,2025-09-01T06:32:07.429730+00:00
695,2025,NYG,5.5,-140,115,draftkings,2025-09-01T06:32:07.429730+00:00
696,2025,NYJ,6.5,120,-145,draftkings,2025-09-01T06:32:07.429730+00:00
697,2025,PHI,10.5,-150,125,draftkings,2025-09-01T06:32:07.429730+00:00
698,2025,PIT,8.5,-125,105,draftkings,2025-09-01T06:32:07.429730+00:00
699,2025,SEA,8.5,100,-120,draftkings,2025-09-01T06:32:07.429730+00:00
700,2025,SF,10.5,105,-125,draftkings,2025-09-01T06:32:07.429730+00:00
701,2025,TB,9.5,-120,100,draftkings,2025-09-01T06:32:07.429730+00:00
702,2025,TEN,6.5,110,-130,draftkings,2025-09-01T06:32:07.429730+00:00
703,2025,WAS,9.5,-110,-110,draftkings,2025-09-01T06:32:07.429730+00:00